number	value	datetime_start	datetime_complete	duration	params_model.embedding_dim	params_model.input_dropout	params_negative_sampler.num_negs_per_pos	params_optimizer.lr	params_training.batch_size	user_attrs_both.avg.adjusted_mean_rank	user_attrs_both.avg.hits_at_1	user_attrs_both.avg.hits_at_10	user_attrs_both.avg.hits_at_3	user_attrs_both.avg.hits_at_5	user_attrs_both.avg.mean_rank	user_attrs_both.avg.mean_reciprocal_rank	user_attrs_both.best.hits_at_1	user_attrs_both.best.hits_at_10	user_attrs_both.best.hits_at_3	user_attrs_both.best.hits_at_5	user_attrs_both.best.mean_rank	user_attrs_both.best.mean_reciprocal_rank	user_attrs_both.worst.hits_at_1	user_attrs_both.worst.hits_at_10	user_attrs_both.worst.hits_at_3	user_attrs_both.worst.hits_at_5	user_attrs_both.worst.mean_rank	user_attrs_both.worst.mean_reciprocal_rank	user_attrs_failure	user_attrs_head.avg.adjusted_mean_rank	user_attrs_head.avg.hits_at_1	user_attrs_head.avg.hits_at_10	user_attrs_head.avg.hits_at_3	user_attrs_head.avg.hits_at_5	user_attrs_head.avg.mean_rank	user_attrs_head.avg.mean_reciprocal_rank	user_attrs_head.best.hits_at_1	user_attrs_head.best.hits_at_10	user_attrs_head.best.hits_at_3	user_attrs_head.best.hits_at_5	user_attrs_head.best.mean_rank	user_attrs_head.best.mean_reciprocal_rank	user_attrs_head.worst.hits_at_1	user_attrs_head.worst.hits_at_10	user_attrs_head.worst.hits_at_3	user_attrs_head.worst.hits_at_5	user_attrs_head.worst.mean_rank	user_attrs_head.worst.mean_reciprocal_rank	user_attrs_random_seed	user_attrs_stopped_epoch	user_attrs_tail.avg.adjusted_mean_rank	user_attrs_tail.avg.hits_at_1	user_attrs_tail.avg.hits_at_10	user_attrs_tail.avg.hits_at_3	user_attrs_tail.avg.hits_at_5	user_attrs_tail.avg.mean_rank	user_attrs_tail.avg.mean_reciprocal_rank	user_attrs_tail.best.hits_at_1	user_attrs_tail.best.hits_at_10	user_attrs_tail.best.hits_at_3	user_attrs_tail.best.hits_at_5	user_attrs_tail.best.mean_rank	user_attrs_tail.best.mean_reciprocal_rank	user_attrs_tail.worst.hits_at_1	user_attrs_tail.worst.hits_at_10	user_attrs_tail.worst.hits_at_3	user_attrs_tail.worst.hits_at_5	user_attrs_tail.worst.mean_rank	user_attrs_tail.worst.mean_reciprocal_rank	state
0	0.9787942474194246	2021-06-14 15:14:06.790815	2021-06-14 15:28:46.692187	0 days 00:14:39.901372	500	0.4032641064148024	36	0.055690824347357414	432	0.9787942474194246	0.0	5.238344683080147e-05	0.0	0.0	31383.534939759036	0.00013274095473019744	0.0	5.238344683080147e-05	0.0	0.0	31383.532477737033	0.00013274095908937517	0.0	5.238344683080147e-05	0.0	0.0	31383.537401781035	0.00013274095037142157		0.9685377884474585	0.0	0.00010476689366160294	0.0	0.0	31055.69439497119	0.00013155750621704655	0.0	0.00010476689366160294	0.0	0.0	31055.691985332636	0.00013155750997322064	0.0	0.00010476689366160294	0.0	0.0	31055.696804609743	0.00013155750246109595	2168507953.0	190.0	0.9890507063913906	0.0	0.0	0.0	0.0	31711.375484546883	0.00013392440324334838	0.0	0.0	0.0	0.0	31711.372970141434	0.00013392440820552968	0.0	0.0	0.0	0.0	31711.377998952332	0.0001339243982817472	COMPLETE
1	0.7778153282808435	2021-06-14 15:28:46.694724	2021-06-14 15:36:31.639660	0 days 00:07:44.944936	500	0.48240565409814073	30	0.007398054970968502	832	0.7778153282808435	0.004400209533787323	0.04002095337873232	0.019591409114719748	0.03001571503404924	24939.702645364065	0.015848366372205765	0.004400209533787323	0.04002095337873232	0.019591409114719748	0.03001571503404924	24939.70068098481	0.015848366379404486	0.004400209533787323	0.04002095337873232	0.019591409114719748	0.03001571503404924	24939.70460974332	0.015848366365008214		0.7612871306763245	0.004295442640125721	0.03834468308014667	0.01990570979570456	0.029334730225248823	24410.47768465165	0.015592703946461173	0.004295442640125721	0.03834468308014667	0.01990570979570456	0.029334730225248823	24410.47574646412	0.015592703951637876	0.004295442640125721	0.03834468308014667	0.01990570979570456	0.029334730225248823	24410.479622839182	0.015592703941284898	3863475724.0	115.0	0.7943435258853627	0.004504976427448926	0.041697223677317964	0.01927710843373494	0.03069669984284966	25468.92760607648	0.016104028797950358	0.004504976427448926	0.041697223677317964	0.01927710843373494	0.03069669984284966	25468.9256155055	0.016104028807171097	0.004504976427448926	0.041697223677317964	0.01927710843373494	0.03069669984284966	25468.92959664746	0.016104028788731527	COMPLETE
2	1.4320338570352107	2021-06-14 15:36:31.642361	2021-06-14 15:49:52.722078	0 days 00:13:21.079717	200	0.39017775895642165	53	0.002081436339665523	1932	1.4320338570352107	0.0010476689366160294	0.01388161341016239	0.004400209533787323	0.007647983237297014	45917.642875851234	0.0056703231588150806	0.0010476689366160294	0.01388161341016239	0.004400209533787323	0.007647983237297014	45917.641225772655	0.005670323173180505	0.0010476689366160294	0.01388161341016239	0.004400209533787323	0.007647983237297014	45917.644525929805	0.005670323144453618		1.4256088243927023	0.0017810371922472499	0.01498166579360922	0.005447878470403352	0.009009952854897852	45712.06930330016	0.006660725784581867	0.0017810371922472499	0.01498166579360922	0.005447878470403352	0.009009952854897852	45712.0676794133	0.006660725792944683	0.0017810371922472499	0.01498166579360922	0.005447878470403352	0.009009952854897852	45712.07092718701	0.006660725776220386	3441437305.0	405.0	1.4384588896777188	0.0003143006809848088	0.012781561026715557	0.003352540597171294	0.006286013619696176	46123.2164484023	0.004679920533048294	0.0003143006809848088	0.012781561026715557	0.003352540597171294	0.006286013619696176	46123.21477213201	0.00467992055341633	0.0003143006809848088	0.012781561026715557	0.003352540597171294	0.006286013619696176	46123.2181246726	0.004679920512686849	COMPLETE
3	0.7439951810773848	2021-06-14 15:49:52.726001	2021-06-14 16:19:53.371112	0 days 00:30:00.645111	500	0.2971354448015721	42	0.03706830029578751	1432	0.7439951810773848	0.0012572027239392352	0.031220534311157674	0.021162912519643792	0.025825039287585123	23855.2748297538	0.013043834823616011	0.0012572027239392352	0.031220534311157674	0.021162912519643792	0.025825039287585123	23855.273336825565	0.013043834852417623	0.0012572027239392352	0.031220534311157674	0.021162912519643792	0.025825039287585123	23855.27632268203	0.013043834794841098		0.7274105665925599	0.001466736511262441	0.031220534311157674	0.021162912519643792	0.025877422734415925	23324.20864326873	0.013121409104590918	0.001466736511262441	0.031220534311157674	0.021162912519643792	0.025877422734415925	23324.20743844945	0.013121409106268559	0.001466736511262441	0.031220534311157674	0.021162912519643792	0.025877422734415925	23324.209848088005	0.013121409102913375	1384565894.0	460.0	0.7605797955622097	0.0010476689366160294	0.031220534311157674	0.021162912519643792	0.025772655840754322	24386.341016238868	0.012966260542641102	0.0010476689366160294	0.031220534311157674	0.021162912519643792	0.025772655840754322	24386.339235201674	0.012966260598566693	0.0010476689366160294	0.031220534311157674	0.021162912519643792	0.025772655840754322	24386.342797276062	0.012966260486768822	COMPLETE
4		2021-06-14 16:19:53.375264	2021-06-14 16:20:10.273721	0 days 00:00:16.898457	200	0.3140318601425844	17	0.001356477297563963	3332																				CUDA out of memory. Tried to allocate 6.12 GiB (GPU 0; 15.78 GiB total capacity; 7.19 GiB already allocated; 1.15 GiB free; 13.34 GiB reserved in total by PyTorch)																																									FAIL
5	0.9140650951221382	2021-06-14 16:20:10.277199	2021-06-14 16:25:53.974104	0 days 00:05:43.696905	300	0.13740925914268654	23	0.01065231543759381	3332	0.9140650951221382	0.004033525405971713	0.04704033525405972	0.016972236773179675	0.028287061288632794	29309.051204819276	0.017795709395137603	0.004033525405971713	0.04704033525405972	0.016972236773179675	0.028287061288632794	29309.049292823467	0.017795709401579422	0.004033525405971713	0.04704033525405972	0.016972236773179675	0.028287061288632794	29309.053116815085	0.017795709388696603		0.913386049573916	0.0041906757464641176	0.04913567312729178	0.018124672603457306	0.029334730225248823	29287.64133053955	0.018594077551901844	0.0041906757464641176	0.04913567312729178	0.018124672603457306	0.029334730225248823	29287.639601885803	0.018594077556452936	0.0041906757464641176	0.04913567312729178	0.018124672603457306	0.029334730225248823	29287.643059193295	0.01859407754735133	358935777.0	130.0	0.9147441406703603	0.0038763750654793087	0.04494499738082766	0.015819800942902043	0.027239392352016764	29330.461079099005	0.016997341238373362	0.0038763750654793087	0.04494499738082766	0.015819800942902043	0.027239392352016764	29330.45898376113	0.016997341246705912	0.0038763750654793087	0.04494499738082766	0.015819800942902043	0.027239392352016764	29330.463174436878	0.01699734123004187	COMPLETE
6	0.4211364507288577	2021-06-14 16:25:53.978071	2021-06-14 17:36:51.121286	0 days 01:10:57.143215	500	0.47062237228049725	98	0.018504553299220412	2532	0.4211364507288577	0.007543216343635411	0.1786799371398638	0.1032477737035097	0.14447354635935045	13502.88428496595	0.06638483072321245	0.007543216343635411	0.1786799371398638	0.1032477737035097	0.14447354635935045	13502.883394447355	0.06638483072715148	0.007543216343635411	0.1786799371398638	0.1032477737035097	0.14447354635935045	13502.885175484547	0.06638483071927401		0.40216980840056366	0.007438449449973808	0.17915138816134102	0.10288108957569408	0.14436877946568885	12895.388685175485	0.06616115460043868	0.007438449449973808	0.17915138816134102	0.10288108957569408	0.14436877946568885	12895.387742273442	0.0661611546072998	0.007438449449973808	0.17915138816134102	0.10288108957569408	0.14436877946568885	12895.389628077528	0.06616115459357869	2092447088.0	975.0	0.44010309305715173	0.007647983237297014	0.17820848611838658	0.10361445783132531	0.14457831325301204	14110.379884756418	0.06660850684598621	0.007647983237297014	0.17820848611838658	0.10361445783132531	0.14457831325301204	14110.379046621269	0.06660850684700316	0.007647983237297014	0.17820848611838658	0.10361445783132531	0.14457831325301204	14110.380722891567	0.06660850684496931	COMPLETE
7	1.4795096490787096	2021-06-14 17:36:51.129200	2021-06-14 17:50:48.991920	0 days 00:13:57.862720	300	0.19496146319199498	68	0.0016651363407825276	1332	1.4795096490787096	0.0012572027239392352	0.01388161341016239	0.004295442640125721	0.007543216343635411	47440.110869565215	0.005684518791972955	0.0012572027239392352	0.01388161341016239	0.004295442640125721	0.007543216343635411	47440.109848088	0.005684518804504142	0.0012572027239392352	0.01388161341016239	0.004295442640125721	0.007543216343635411	47440.111891042434	0.005684518779448943		1.475718231406401	0.0020953378732320588	0.01540073336825563	0.004819277108433735	0.008695652173913044	47318.84719748559	0.006716722535385176	0.0020953378732320588	0.01540073336825563	0.004819277108433735	0.008695652173913044	47318.846411733895	0.006716722536356792	0.0020953378732320588	0.01540073336825563	0.004819277108433735	0.008695652173913044	47318.8479832373	0.006716722534413612	857507343.0	265.0	1.4833010667510185	0.00041906757464641174	0.012362493452069146	0.0037716081718177055	0.006390780513357779	47561.374541644844	0.004652315048560734	0.00041906757464641174	0.012362493452069146	0.0037716081718177055	0.006390780513357779	47561.37328444212	0.004652315072651492	0.00041906757464641174	0.012362493452069146	0.0037716081718177055	0.006390780513357779	47561.37579884756	0.0046523150244842755	COMPLETE
8	0.9895329970794859	2021-06-14 17:50:49.002054	2021-06-14 17:56:27.008716	0 days 00:05:38.006662	300	0.3084643642779941	36	0.024440985885115528	3632	0.9895329970794859	0.005552645364064955	0.024934520691461497	0.012938711367207962	0.0178627553693033	31728.60699319015	0.01214014057343486	0.005552645364064955	0.024934520691461497	0.012938711367207962	0.0178627553693033	31728.604871660555	0.012140140591071637	0.005552645364064955	0.024934520691461497	0.012938711367207962	0.0178627553693033	31728.609114719748	0.012140140555804705		0.9810600401411121	0.005971712938711367	0.02535358826610791	0.014143530644316397	0.018229439497118912	31457.518438973286	0.012692927117663315	0.005971712938711367	0.02535358826610791	0.014143530644316397	0.018229439497118912	31457.516605552646	0.012692927139176238	0.005971712938711367	0.02535358826610791	0.014143530644316397	0.018229439497118912	31457.520272393922	0.012692927096160012	1227689610.0	120.0	0.9980059540178597	0.005133577789418544	0.024515453116815085	0.011733892090099528	0.01749607124148769	31999.69554740702	0.0115873540292064	0.005133577789418544	0.024515453116815085	0.011733892090099528	0.01749607124148769	31999.693137768467	0.011587354042967036	0.005133577789418544	0.024515453116815085	0.011733892090099528	0.01749607124148769	31999.697957045573	0.011587354015449398	COMPLETE
9	1.1486233933801302	2021-06-14 17:56:27.016785	2021-06-14 18:28:29.834504	0 days 00:32:02.817719	300	0.012170608273476768	91	0.00474226693513492	3732	1.1486233933801302	0.002723939235201676	0.035830277632268204	0.016134101623886853	0.024724986904138293	36830.00539549503	0.013941531761113693	0.002723939235201676	0.035830277632268204	0.016134101623886853	0.024724986904138293	36830.00419067575	0.013941531837936737	0.002723939235201676	0.035830277632268204	0.016134101623886853	0.024724986904138293	36830.0066003143	0.013941531684354535		1.136423286322786	0.003247773703509691	0.036563645887899426	0.016553169198533262	0.02535358826610791	36439.31335777894	0.014575450506827922	0.003247773703509691	0.036563645887899426	0.016553169198533262	0.02535358826610791	36439.31189104243	0.01457545062789948	0.003247773703509691	0.036563645887899426	0.016553169198533262	0.02535358826610791	36439.31482451545	0.01457545038586801	3375996566.0	635.0	1.1608235004374745	0.0022001047668936615	0.03509690937663698	0.01571503404924044	0.024096385542168676	37220.697433211106	0.013307613015399464	0.0022001047668936615	0.03509690937663698	0.01571503404924044	0.024096385542168676	37220.69649030906	0.013307613047973996	0.0022001047668936615	0.03509690937663698	0.01571503404924044	0.024096385542168676	37220.69837611315	0.013307612982841062	COMPLETE
10	0.6208661485512162	2021-06-14 18:28:29.843682	2021-06-14 18:35:22.862003	0 days 00:06:53.018321	400	0.10376779539419734	18	0.025145351284539912	3432	0.6208661485512162	0.005866946045049764	0.07585123101100053	0.036720796228391826	0.05856469355683604	19907.17490832897	0.02757144109130688	0.005866946045049764	0.07585123101100053	0.036720796228391826	0.05856469355683604	19907.17386066003	0.027571441106864696	0.005866946045049764	0.07585123101100053	0.036720796228391826	0.05856469355683604	19907.175955997904	0.02757144107575705		0.6127506947552925	0.005971712938711367	0.07553693033001571	0.036458878994237824	0.05793609219486642	19647.64745940283	0.02741448766010635	0.005971712938711367	0.07553693033001571	0.036458878994237824	0.05793609219486642	19647.64609743321	0.02741448768731193	0.005971712938711367	0.07553693033001571	0.036458878994237824	0.05793609219486642	19647.648821372448	0.027414487632916026	1812370302.0	120.0	0.6289816023471401	0.005762179151388162	0.07616553169198534	0.036982713462545835	0.05919329491880566	20166.702357255108	0.027728394522507402	0.005762179151388162	0.07616553169198534	0.036982713462545835	0.05919329491880566	20166.701623886853	0.027728394526417455	0.005762179151388162	0.07616553169198534	0.036982713462545835	0.05919329491880566	20166.703090623363	0.027728394518598064	COMPLETE
11	1.1412385566992465	2021-06-14 18:35:22.873323	2021-06-14 18:45:55.636213	0 days 00:10:32.762890	100	0.46525503407607677	100	0.013649405866913975	2532	1.1412385566992465	0.0023048716605552646	0.014667365112624411	0.006757464641173389	0.009429020429544265	36592.838789942376	0.006704187378384184	0.0023048716605552646	0.014667365112624411	0.006757464641173389	0.009429020429544265	36592.83703509691	0.006704187409144177	0.0023048716605552646	0.014667365112624411	0.006757464641173389	0.009429020429544265	36592.84054478785	0.0067041873476376525		1.1342802831179468	0.0018858040859088528	0.01540073336825563	0.006181246726034573	0.009219486642221058	36370.48297537978	0.006536115696386226	0.0018858040859088528	0.01540073336825563	0.006181246726034573	0.009219486642221058	36370.481718177056	0.00653611570788482	0.0018858040859088528	0.01540073336825563	0.006181246726034573	0.009219486642221058	36370.4842325825	0.006536115684889897	1146940829.0	320.0	1.1481968302805463	0.002723939235201676	0.01393399685699319	0.007333682556312206	0.00963855421686747	36815.19460450498	0.006872259060382141	0.002723939235201676	0.01393399685699319	0.007333682556312206	0.00963855421686747	36815.19235201676	0.0068722591104035365	0.002723939235201676	0.01393399685699319	0.007333682556312206	0.00963855421686747	36815.19685699319	0.006872259010385407	COMPLETE
12	0.4127272140058058	2021-06-14 18:45:55.645499	2021-06-14 18:51:52.272562	0 days 00:05:56.627063	400	0.060283013080367986	1	0.09917025119846833	3432	0.4127272140058058	0.0	0.17265584075432164	0.09895233106338397	0.1391304347826087	13232.762048192772	0.060341099405745384	0.0	0.17265584075432164	0.09895233106338397	0.1391304347826087	13232.76181246726	0.060341099431151776	0.0	0.17265584075432164	0.09895233106338397	0.1391304347826087	13232.762283918282	0.06034109938036033		0.41378963078398584	0.0	0.1710843373493976	0.09795704557359874	0.13661602933473022	13267.796647459403	0.05991196087851275	0.0	0.1710843373493976	0.09795704557359874	0.13661602933473022	13267.796333158722	0.05991196092784797	0.0	0.1710843373493976	0.09795704557359874	0.13661602933473022	13267.796961760083	0.05991196082921997	2363919465.0	105.0	0.4116647972276258	0.0	0.17422734415924568	0.0999476165531692	0.14164484023048718	13197.72744892614	0.06077023793297802	0.0	0.17422734415924568	0.0999476165531692	0.14164484023048718	13197.727291775798	0.060770237934455566	0.0	0.17422734415924568	0.0999476165531692	0.14164484023048718	13197.72760607648	0.060770237931500694	COMPLETE
13	0.9939645196752996	2021-06-14 18:51:52.279735	2021-06-14 18:59:15.039767	0 days 00:07:22.760032	400	0.013184880976295797	3	0.09550307171266852	532	0.9939645196752996	0.0	0.0001571503404924044	0.00010476689366160294	0.00010476689366160294	31869.396385542168	0.0002477113116205565	0.0	0.0001571503404924044	0.00010476689366160294	0.00010476689366160294	31869.3958617077	0.0002477113126862374	0.0	0.0001571503404924044	0.00010476689366160294	0.00010476689366160294	31869.396909376635	0.00024771131055497536		0.9941893341766113	0.0	0.00020953378732320587	0.00010476689366160294	0.00010476689366160294	31877.882399161866	0.00027683396223883314	0.0	0.00020953378732320587	0.00010476689366160294	0.00010476689366160294	31877.882032477737	0.00027683396372603467	0.0	0.00020953378732320587	0.00010476689366160294	0.00010476689366160294	31877.882765845992	0.00027683396075180167	2401607558.0	105.0	0.9937397051739881	0.0	0.00010476689366160294	0.00010476689366160294	0.00010476689366160294	31860.910371922473	0.00021858866100227974	0.0	0.00010476689366160294	0.00010476689366160294	0.00010476689366160294	31860.909690937664	0.0002185886616464402	0.0	0.00010476689366160294	0.00010476689366160294	0.00010476689366160294	31860.911052907282	0.00021858866035814908	COMPLETE
14	0.9862716543276802	2021-06-14 18:59:15.048373	2021-06-14 19:14:05.169572	0 days 00:14:50.121199	400	0.10209628211742047	79	0.09473416801003469	932	0.9862716543276802	0.0	0.00010476689366160294	0.0	0.0	31623.56063383971	0.00014315713290123617	0.0	0.00010476689366160294	0.0	0.0	31623.558040859087	0.00014315713647944126	0.0	0.00010476689366160294	0.0	0.0	31623.563226820326	0.0001431571293232439		0.9663262323696581	0.0	0.0	0.0	0.0	30984.891985332633	0.00012260219012665758	0.0	0.0	0.0	0.0	30984.889680460976	0.0001226021938324808	0.0	0.0	0.0	0.0	30984.894290204295	0.00012260218642108276	4288338503.0	210.0	1.0062170762857021	0.0	0.00020953378732320587	0.0	0.0	32262.22928234678	0.0001637120756758148	0.0	0.00020953378732320587	0.0	0.0	32262.2264012572	0.0001637120791264017	0.0	0.00020953378732320587	0.0	0.0	32262.232163436354	0.00016371207222540512	COMPLETE
15	0.14567072229054456	2021-06-14 19:14:05.177919	2021-06-14 19:27:34.711140	0 days 00:13:29.533221	500	0.23850327009480063	5	0.00429564456521425	3432	0.14567072229054456	0.03871136720796228	0.4174960712414877	0.16296490309062336	0.27265584075432164	4670.6124672603455	0.14516913601164316	0.03871136720796228	0.4174960712414877	0.16296490309062336	0.27265584075432164	4670.612048192771	0.14516913601261616	0.03871136720796228	0.4174960712414877	0.16296490309062336	0.27265584075432164	4670.61288632792	0.1451691360106703		0.14244774095804347	0.040859088528025146	0.41875327396542694	0.1641697223677318	0.2754321634363541	4567.533368255631	0.14703760855827444	0.040859088528025146	0.41875327396542694	0.1641697223677318	0.2754321634363541	4567.532949188057	0.14703760855914802	0.040859088528025146	0.41875327396542694	0.1641697223677318	0.2754321634363541	4567.533787323206	0.14703760855740097	3115591604.0	205.0	0.14889370362304566	0.036563645887899426	0.41623886851754843	0.16176008381351492	0.26987951807228916	4773.69156626506	0.14330066346501194	0.036563645887899426	0.41623886851754843	0.16176008381351492	0.26987951807228916	4773.691147197485	0.14330066346608433	0.036563645887899426	0.41623886851754843	0.16176008381351492	0.26987951807228916	4773.691985332635	0.1433006634639396	COMPLETE
16	0.1645640494900964	2021-06-14 19:27:34.731870	2021-06-14 19:38:51.752142	0 days 00:11:17.020272	200	0.22176013164113784	4	0.003420701576812637	3432	0.1645640494900964	0.03473022524882137	0.5840230487166056	0.25474070193818754	0.42063907805133577	5276.271739130435	0.19187856702900252	0.03473022524882137	0.5840230487166056	0.25474070193818754	0.42063907805133577	5276.271189104243	0.19187856705081494	0.03473022524882137	0.5840230487166056	0.25474070193818754	0.42063907805133577	5276.272289156626	0.19187856700720762		0.15861291728339658	0.035306443163960186	0.5851231011000524	0.25468831849135676	0.42011524358302776	5085.843111576742	0.19236139208728556	0.035306443163960186	0.5851231011000524	0.25468831849135676	0.42011524358302776	5085.842535358826	0.1923613920890503	0.035306443163960186	0.5851231011000524	0.25468831849135676	0.42011524358302776	5085.843687794657	0.19236139208552103	3611228802.0	295.0	0.17051518169679622	0.034154007333682554	0.5829229963331587	0.2547930853850183	0.4211629125196438	5466.700366684127	0.19139574197071949	0.034154007333682554	0.5829229963331587	0.2547930853850183	0.4211629125196438	5466.69984284966	0.19139574201257958	0.034154007333682554	0.5829229963331587	0.2547930853850183	0.4211629125196438	5466.700890518596	0.19139574192889425	COMPLETE
17	0.5089966564441704	2021-06-14 19:38:51.755696	2021-06-14 19:49:18.431691	0 days 00:10:26.675995	200	0.2238063803677492	11	0.0034775835506402346	2932	0.5089966564441704	0.0031953902566788893	0.13514929282346777	0.03535882661079099	0.07302252488213724	16320.595416448403	0.040875513619291516	0.0031953902566788893	0.13514929282346777	0.03535882661079099	0.07302252488213724	16320.592718700891	0.0408755136503262	0.0031953902566788893	0.13514929282346777	0.03535882661079099	0.07302252488213724	16320.598114195915	0.04087551358826823		0.5047552700371764	0.0041906757464641176	0.13986380303823992	0.038449449973808274	0.07522262964903091	16184.909271870089	0.043072324285526334	0.0041906757464641176	0.13986380303823992	0.038449449973808274	0.07522262964903091	16184.906128863278	0.04307232433479928	0.0041906757464641176	0.13986380303823992	0.038449449973808274	0.07522262964903091	16184.912414876899	0.04307232423627366	850405115.0	265.0	0.5132380428511643	0.0022001047668936615	0.13043478260869565	0.03226820324777371	0.07082242011524359	16456.281561026717	0.038678702953056705	0.0022001047668936615	0.13043478260869565	0.03226820324777371	0.07082242011524359	16456.279308538502	0.038678702965853115	0.0022001047668936615	0.13043478260869565	0.03226820324777371	0.07082242011524359	16456.28381351493	0.0386787029402628	COMPLETE
18	0.0622043768029043	2021-06-14 19:49:18.441096	2021-06-14 19:55:22.372185	0 days 00:06:03.931089	200	0.2854121688771758	1	0.0011532055156062283	2132	0.0622043768029043	0.03493975903614458	0.28423258250392874	0.13132530120481928	0.20403352540597172	1994.3516500785752	0.10866521477620011	0.03493975903614458	0.28423258250392874	0.13132530120481928	0.20403352540597172	1994.3514929282346	0.10866521478685678	0.03493975903614458	0.28423258250392874	0.13132530120481928	0.20403352540597172	1994.3518072289157	0.1086652147655499		0.0625315051722	0.035830277632268204	0.2886327920377161	0.13315872184389732	0.2064955474070194	2005.0341540073337	0.1102495120896913	0.035830277632268204	0.2886327920377161	0.13315872184389732	0.2064955474070194	2005.0339444735464	0.11024951211036668	0.035830277632268204	0.2886327920377161	0.13315872184389732	0.2064955474070194	2005.034363541121	0.11024951206902879	3589369730.0	150.0	0.061877248433608596	0.03404924044002095	0.27983237297014146	0.12949188056574124	0.20157150340492405	1983.6691461498167	0.10708091746270892	0.03404924044002095	0.27983237297014146	0.12949188056574124	0.20157150340492405	1983.669041382923	0.10708091746334687	0.03404924044002095	0.27983237297014146	0.12949188056574124	0.20157150340492405	1983.6692509167103	0.10708091746207105	COMPLETE
19	1.0701429778438107	2021-06-14 19:55:22.380502	2021-06-14 20:18:13.794659	0 days 00:22:51.414157	200	0.29199494331425424	15	0.0010958340219933609	2132	1.0701429778438107	0.002566788894709272	0.04672603457307491	0.0143006809848088	0.030434782608695653	34313.677527501306	0.017484219253775826	0.002566788894709272	0.04672603457307491	0.0143006809848088	0.030434782608695653	34313.67674174961	0.017484227304063803	0.002566788894709272	0.04672603457307491	0.0143006809848088	0.030434782608695653	34313.67831325301	0.01748421134134437		1.0630278070018977	0.004400209533787323	0.05133577789418544	0.017391304347826087	0.034258774227344156	34085.90832896805	0.020372621645817556	0.004400209533787323	0.05133577789418544	0.017391304347826087	0.034258774227344156	34085.90728129911	0.02037263774487952	0.004400209533787323	0.05133577789418544	0.017391304347826087	0.034258774227344156	34085.909376636984	0.020372605822468515	3167101648.0	560.0	1.0772581486857236	0.0007333682556312205	0.04211629125196438	0.011210057621791513	0.026610790990047144	34541.44672603457	0.014595816861734095	0.0007333682556312205	0.04211629125196438	0.011210057621791513	0.026610790990047144	34541.4462022001	0.014595816863248089	0.0007333682556312205	0.04211629125196438	0.011210057621791513	0.026610790990047144	34541.447249869045	0.01459581686022022	COMPLETE
20	1.4941698363857954	2021-06-14 20:18:13.806983	2021-06-14 20:30:21.804952	0 days 00:12:07.997969	100	0.35623544884613545	55	0.0010142657414959524	1632	1.4941698363857954	0.0015191199580932425	0.01110529072812991	0.0040859088528025144	0.006495547407019382	47910.2	0.004996581869285507	0.0015191199580932425	0.01110529072812991	0.0040859088528025144	0.006495547407019382	47910.19853326349	0.0049965819850237075	0.0015191199580932425	0.01110529072812991	0.0040859088528025144	0.006495547407019382	47910.201466736515	0.0049965817537559465		1.4899128800292405	0.0012572027239392352	0.013410162388685176	0.0038763750654793087	0.0071241487689889995	47773.99905709796	0.00544579926097203	0.0012572027239392352	0.013410162388685176	0.0038763750654793087	0.0071241487689889995	47773.99769512834	0.005445799266549483	0.0012572027239392352	0.013410162388685176	0.0038763750654793087	0.0071241487689889995	47774.000419067575	0.005445799255395327	2356778839.0	355.0	1.4984267927423505	0.0017810371922472499	0.008800419067574646	0.004295442640125721	0.005866946045049764	48046.400942902044	0.004547364477598984	0.0017810371922472499	0.008800419067574646	0.004295442640125721	0.005866946045049764	48046.399371398635	0.004547364703497933	0.0017810371922472499	0.008800419067574646	0.004295442640125721	0.005866946045049764	48046.40251440545	0.004547364252116566	COMPLETE
21	0.17763791314056937	2021-06-14 20:30:21.813171	2021-06-14 20:48:25.349432	0 days 00:18:03.536261	200	0.16880169856258959	1	0.0018388821762926548	2132	0.17763791314056937	0.013462545835515977	0.595756940806705	0.30005238344683083	0.4617077003666841	5695.397040335254	0.19473918657559935	0.013462545835515977	0.595756940806705	0.30005238344683083	0.4617077003666841	5695.396542692509	0.19473918657734923	0.013462545835515977	0.595756940806705	0.30005238344683083	0.4617077003666841	5695.397537977999	0.19473918657384967		0.17049193219686656	0.015295966474594028	0.5987427972760607	0.300261917234154	0.46286013619696176	5466.72430591933	0.19577551113149622	0.015295966474594028	0.5987427972760607	0.300261917234154	0.46286013619696176	5466.723939235202	0.19577551113256558	0.015295966474594028	0.5987427972760607	0.300261917234154	0.46286013619696176	5466.724672603457	0.19577551113042693	1525034834.0	440.0	0.18478389408427218	0.011629125196437926	0.5927710843373494	0.2998428496595076	0.4605552645364065	5924.069774751179	0.1937028620197025	0.011629125196437926	0.5927710843373494	0.2998428496595076	0.4605552645364065	5924.069146149816	0.19370286202213288	0.011629125196437926	0.5927710843373494	0.2998428496595076	0.4605552645364065	5924.070403352541	0.19370286201727238	COMPLETE
22	0.1194370166599396	2021-06-14 20:48:25.362015	2021-06-14 20:57:20.539278	0 days 00:08:55.177263	200	0.25379751538795287	9	0.0037655372836492684	3432	0.1194370166599396	0.02530120481927711	0.25620743844945	0.09334730225248822	0.1538501833420639	3829.402854897852	0.08999380156862041	0.02530120481927711	0.25620743844945	0.09334730225248822	0.1538501833420639	3829.401938187533	0.08999380174513072	0.02530120481927711	0.25620743844945	0.09334730225248822	0.1538501833420639	3829.4037716081716	0.08999380139237972		0.11654052291757498	0.02776322682032478	0.26254583551597693	0.09523310633839707	0.157255107386066	3736.810267155579	0.0930264142712998	0.02776322682032478	0.26254583551597693	0.09523310633839707	0.157255107386066	3736.809114719749	0.09302641453766153	0.02776322682032478	0.26254583551597693	0.09523310633839707	0.157255107386066	3736.811419591409	0.09302641400538907	3181413496.0	215.0	0.12233351040230421	0.02283918281822944	0.24986904138292299	0.09146149816657936	0.15044525929806182	3921.995442640126	0.08696118886594102	0.02283918281822944	0.24986904138292299	0.09146149816657936	0.15044525929806182	3921.994761655317	0.08696118895259991	0.02283918281822944	0.24986904138292299	0.09146149816657936	0.15044525929806182	3921.9961236249346	0.08696118877937041	COMPLETE
23	0.13629718701703433	2021-06-14 20:57:20.542710	2021-06-14 21:03:13.801728	0 days 00:05:53.259018	200	0.2564806016389974	9	0.006313806506515529	3932	0.13629718701703433	0.016029334730225248	0.23294918805657414	0.07260345730749083	0.12812991094814039	4370.051519119958	0.07726131998616521	0.016029334730225248	0.23294918805657414	0.07260345730749083	0.12812991094814039	4370.051126244107	0.0772613203323236	0.016029334730225248	0.23294918805657414	0.07260345730749083	0.12812991094814039	4370.051911995809	0.07726131964110351		0.1339435670763734	0.017915138816134102	0.24012572027239393	0.07344159245678365	0.13085385018334206	4294.849554740702	0.08019322536525882	0.017915138816134102	0.24012572027239393	0.07344159245678365	0.13085385018334206	4294.849240440021	0.08019322543750317	0.017915138816134102	0.24012572027239393	0.07344159245678365	0.13085385018334206	4294.849869041383	0.08019322529309265	548014353.0	140.0	0.13865080695769527	0.014143530644316397	0.22577265584075432	0.071765322158198	0.1254059717129387	4445.253483499214	0.07432941460707164	0.014143530644316397	0.22577265584075432	0.071765322158198	0.1254059717129387	4445.253012048192	0.07432941522714404	0.014143530644316397	0.22577265584075432	0.071765322158198	0.1254059717129387	4445.253954950235	0.07432941398911437	COMPLETE
24	1.0025375899836122	2021-06-14 21:03:13.809283	2021-06-14 21:10:07.620422	0 days 00:06:53.811139	200	0.2786975700710339	26	0.006606884452094601	3932	1.0025375899836122	0.0038763750654793087	0.027239392352016764	0.010686223153483498	0.016553169198533262	32146.086249345208	0.011904442158295385	0.0038763750654793087	0.027239392352016764	0.010686223153483498	0.016553169198533262	32146.08407543216	0.011904442203207457	0.0038763750654793087	0.027239392352016764	0.010686223153483498	0.016553169198533262	32146.08842325825	0.011904442113408405		0.9932944727903231	0.006181246726034573	0.03363017286537454	0.015086432687270822	0.02179151388161341	31849.952540597173	0.01582506540208156	0.006181246726034573	0.03363017286537454	0.015086432687270822	0.02179151388161341	31849.95075955998	0.015825065447745236	0.006181246726034573	0.03363017286537454	0.015086432687270822	0.02179151388161341	31849.954321634363	0.015825065356452027	1144849507.0	160.0	1.0117807071769012	0.001571503404924044	0.020848611838658982	0.006286013619696176	0.011314824515453117	32442.219958093243	0.00798381891450921	0.001571503404924044	0.020848611838658982	0.006286013619696176	0.011314824515453117	32442.217391304348	0.007983818958669679	0.001571503404924044	0.020848611838658982	0.006286013619696176	0.011314824515453117	32442.222524882138	0.007983818870364784	COMPLETE
25	0.4374893817699296	2021-06-14 21:10:07.628701	2021-06-14 21:19:03.070354	0 days 00:08:55.441653	200	0.3395020827957787	12	0.002766854673816429	2032	0.4374893817699296	0.003823991618648507	0.14908328968046097	0.037611314824515456	0.07684651650078575	14027.690309062336	0.043966522934225614	0.003823991618648507	0.14908328968046097	0.037611314824515456	0.07684651650078575	14027.687899423781	0.043966522956095266	0.003823991618648507	0.14908328968046097	0.037611314824515456	0.07684651650078575	14027.692718700891	0.043966522912362985		0.4319016524794111	0.005028810895756941	0.15589313776846517	0.04138292299633316	0.08098480880041907	13848.858459926663	0.0469829203530314	0.005028810895756941	0.15589313776846517	0.04138292299633316	0.08098480880041907	13848.85636458879	0.046982920370730465	0.005028810895756941	0.15589313776846517	0.04138292299633316	0.08098480880041907	13848.860555264537	0.04698292033533593	3705448920.0	205.0	0.4430771110604481	0.0026191723415400735	0.14227344159245678	0.03383970665269775	0.07270822420115243	14206.52215819801	0.04095012551541982	0.0026191723415400735	0.14227344159245678	0.03383970665269775	0.07270822420115243	14206.519434258775	0.04095012554146005	0.0026191723415400735	0.14227344159245678	0.03383970665269775	0.07270822420115243	14206.524882137244	0.04095012548939005	COMPLETE
26	0.8539695440746824	2021-06-14 21:19:03.078383	2021-06-14 21:24:30.112737	0 days 00:05:27.034354	200	0.244897188572835	18	0.007388476553456091	1732	0.8539695440746824	0.003981141959140911	0.05536930330015715	0.02247249869041383	0.03677317967522263	27381.971136720796	0.020339183166964453	0.003981141959140911	0.05536930330015715	0.02247249869041383	0.03677317967522263	27381.96925091671	0.020339183171917203	0.003981141959140911	0.05536930330015715	0.02247249869041383	0.03677317967522263	27381.973022524882	0.02033918316201241		0.8490981310023362	0.004714510214772132	0.055316919853326346	0.02210581456259822	0.03708748035620744	27226.22152959665	0.020787207842085067	0.004714510214772132	0.055316919853326346	0.02210581456259822	0.03708748035620744	27226.21948664222	0.020787207849262624	0.004714510214772132	0.055316919853326346	0.02210581456259822	0.03708748035620744	27226.223572551073	0.020787207834908696	981398971.0	120.0	0.8588409571470287	0.003247773703509691	0.05542168674698795	0.02283918281822944	0.036458878994237824	27537.720743844944	0.019891158491843842	0.003247773703509691	0.05542168674698795	0.02283918281822944	0.036458878994237824	27537.7190151912	0.01989115849457178	0.003247773703509691	0.05542168674698795	0.02283918281822944	0.036458878994237824	27537.72247249869	0.019891158489116132	COMPLETE
27	0.03794942960548271	2021-06-14 21:24:30.121445	2021-06-14 21:40:10.130798	0 days 00:15:40.009353	200	0.186466431436176	8	0.001333191765360303	3932	0.03794942960548271	0.023782084861183866	0.27349397590361446	0.10450497642744892	0.17197485594552123	1216.6345992666318	0.09419661017536865	0.023782084861183866	0.27349397590361446	0.10450497642744892	0.17197485594552123	1216.6342587742274	0.09419661035642266	0.023782084861183866	0.27349397590361446	0.10450497642744892	0.17197485594552123	1216.6349397590361	0.0941966099945923		0.03128681608171923	0.02608695652173913	0.2806705081194343	0.10633839706652698	0.17820848611838658	1003.1859612362493	0.09799568997843193	0.02608695652173913	0.2806705081194343	0.10633839706652698	0.17820848611838658	1003.1855421686747	0.09799569028683815	0.02608695652173913	0.2806705081194343	0.10633839706652698	0.17820848611838658	1003.186380303824	0.09799568967054768	632274290.0	380.0	0.044612043129246194	0.021477213200628602	0.26631744368779464	0.10267155578837088	0.16574122577265585	1430.0832372970142	0.09039753037230541	0.021477213200628602	0.26631744368779464	0.10267155578837088	0.16574122577265585	1430.08297537978	0.09039753042600715	0.021477213200628602	0.26631744368779464	0.10267155578837088	0.16574122577265585	1430.0834992142484	0.09039753031863688	COMPLETE
28	1.4223496763407844	2021-06-14 21:40:10.138778	2021-06-14 21:59:24.478314	0 days 00:19:14.339536	200	0.1821996130862131	45	0.0013126544521846334	1832	1.4223496763407844	0.001676270298585647	0.017915138816134102	0.005814562598218963	0.009533787323205867	45607.235306443166	0.007061928929217459	0.001676270298585647	0.017915138816134102	0.005814562598218963	0.009533787323205867	45607.233630172865	0.007061929143075397	0.001676270298585647	0.017915138816134102	0.005814562598218963	0.009533787323205867	45607.23698271346	0.007061928715948015		1.4172380849950414	0.0025144054478784704	0.020953378732320588	0.006495547407019382	0.010895756940806705	45443.6777370351	0.008401997507625322	0.0025144054478784704	0.020953378732320588	0.006495547407019382	0.010895756940806705	45443.676060764796	0.008401997513790508	0.0025144054478784704	0.020953378732320588	0.006495547407019382	0.010895756940806705	45443.6794133054	0.008401997501460956	1361834734.0	425.0	1.4274612676865273	0.0008381351492928235	0.014876898899947616	0.005133577789418544	0.008171817705605029	45770.79287585123	0.005721860350809598	0.0008381351492928235	0.014876898899947616	0.005133577789418544	0.008171817705605029	45770.79119958093	0.005721860772360284	0.0008381351492928235	0.014876898899947616	0.005133577789418544	0.008171817705605029	45770.79455212153	0.005721859930435072	COMPLETE
29	1.1068034491247731	2021-06-14 21:59:24.486743	2021-06-14 22:21:08.651382	0 days 00:21:44.164639	200	0.14095437718780102	22	0.002236489297463742	3132	1.1068034491247731	0.0034573074908328966	0.04112100576217915	0.015872184389732844	0.02650602409638554	35489.267653221585	0.015195958629940297	0.0034573074908328966	0.04112100576217915	0.015872184389732844	0.02650602409638554	35489.266369827135	0.015195958721311813	0.0034573074908328966	0.04112100576217915	0.015872184389732844	0.02650602409638554	35489.26893661603	0.015195958538663077		1.1015751387655226	0.00607647983237297	0.04536406495547407	0.018229439497118912	0.029125196437925615	35321.94222105815	0.018246689694740283	0.00607647983237297	0.04536406495547407	0.018229439497118912	0.029125196437925615	35321.940911471975	0.018246689753382284	0.00607647983237297	0.04536406495547407	0.018229439497118912	0.029125196437925615	35321.94353064432	0.01824668963613852	4144201070.0	505.0	1.1120317594840234	0.0008381351492928235	0.03687794656888423	0.013514929282346778	0.023886851754845468	35656.593085385015	0.012145227565140306	0.0008381351492928235	0.03687794656888423	0.013514929282346778	0.023886851754845468	35656.591828182296	0.01214522768924134	0.0008381351492928235	0.03687794656888423	0.013514929282346778	0.023886851754845468	35656.59434258774	0.012145227441187633	COMPLETE
30	0.3994627379173133	2021-06-14 22:21:08.660647	2021-06-14 22:28:35.249485	0 days 00:07:26.588838	100	0.32949185963769406	34	0.0014020625854762462	3832	0.3994627379173133	0.000680984808800419	0.005133577789418544	0.001361969617600838	0.002462022001047669	12808.47645364065	0.0027721724331981642	0.000680984808800419	0.005133577789418544	0.001361969617600838	0.002462022001047669	12808.46809848088	0.002772172497707114	0.000680984808800419	0.005133577789418544	0.001361969617600838	0.002462022001047669	12808.484808800418	0.0027721723687086186		0.3866387711915789	0.00041906757464641174	0.006914614981665793	0.001361969617600838	0.0028287061288632793	12397.552016762704	0.003323340825445258	0.00041906757464641174	0.006914614981665793	0.001361969617600838	0.0028287061288632793	12397.543425877422	0.0033233409114254843	0.00041906757464641174	0.006914614981665793	0.001361969617600838	0.0028287061288632793	12397.560607647983	0.0033233407394980493	3601583867.0	215.0	0.4122867046430476	0.0009429020429544264	0.003352540597171294	0.001361969617600838	0.0020953378732320588	13219.400890518596	0.0022210040409510706	0.0009429020429544264	0.003352540597171294	0.001361969617600838	0.0020953378732320588	13219.392771084338	0.002221004083988743	0.0009429020429544264	0.003352540597171294	0.001361969617600838	0.0020953378732320588	13219.409009952855	0.002221003997919187	COMPLETE
31	0.08287819747960162	2021-06-14 22:28:35.254393	2021-06-14 22:36:34.175050	0 days 00:07:58.920657	200	0.41057163770894944	8	0.001024210340737299	1032	0.08287819747960162	0.029229963331587217	0.25044525929806183	0.12682032477737035	0.1856993190151912	2657.2200104766894	0.09573838317049944	0.029229963331587217	0.25044525929806183	0.12682032477737035	0.1856993190151912	2657.2189628077526	0.09573838499998223	0.029229963331587217	0.25044525929806183	0.12682032477737035	0.1856993190151912	2657.221058145626	0.09573838135563965		0.07629797031414208	0.03289680460974332	0.25887899423782085	0.13012048192771083	0.19099004714510215	2446.4561550550025	0.10028482638796118	0.03289680460974332	0.25887899423782085	0.13012048192771083	0.19099004714510215	2446.4552121529596	0.10028482999155977	0.03289680460974332	0.25887899423782085	0.13012048192771083	0.19099004714510215	2446.457097957046	0.10028482281358231	2873058070.0	165.0	0.08945842464506117	0.025563122053431114	0.24201152435830278	0.12352016762702986	0.18040859088528025	2867.9838658983763	0.0911919399530377	0.025563122053431114	0.24201152435830278	0.12352016762702986	0.18040859088528025	2867.9827134625457	0.0911919400084047	0.025563122053431114	0.24201152435830278	0.12352016762702986	0.18040859088528025	2867.9850183342064	0.09119193989769701	COMPLETE
32	0.20899120290030032	2021-06-14 22:36:34.180139	2021-06-14 22:45:46.556994	0 days 00:09:12.376855	200	0.3678837244047261	9	0.0010045246150486174	1032	0.20899120290030032	0.019381875327396544	0.24106862231534834	0.11278156102671556	0.17396542692509168	6701.0497642744895	0.0833596638395282	0.019381875327396544	0.24106862231534834	0.11278156102671556	0.17396542692509168	6701.047826086957	0.08335966565309107	0.019381875327396544	0.24106862231534834	0.11278156102671556	0.17396542692509168	6701.051702462022	0.08335966203999379		0.20243758074444532	0.02283918281822944	0.2504976427448926	0.11597695128339444	0.17778941854374017	6491.127710843373	0.08814624706883996	0.02283918281822944	0.2504976427448926	0.11597695128339444	0.17778941854374017	6491.125929806181	0.08814625053057257	0.02283918281822944	0.2504976427448926	0.11597695128339444	0.17778941854374017	6491.129491880566	0.0881462436349196	3636696109.0	190.0	0.21554482505615533	0.015924567836563645	0.2316396018858041	0.10958617077003667	0.17014143530644316	6910.971817705605	0.07857308061021642	0.015924567836563645	0.2316396018858041	0.10958617077003667	0.17014143530644316	6910.969722367732	0.0785730807756096	0.015924567836563645	0.2316396018858041	0.10958617077003667	0.17014143530644316	6910.973913043478	0.07857308044506799	COMPLETE
33	0.03559381260261127	2021-06-14 22:45:46.565396	2021-06-14 22:52:21.657537	0 days 00:06:35.092141	200	0.4522679073659809	1	0.0013650484286925843	2432	0.03559381260261127	0.042954426401257205	0.43457307490832897	0.17689889994761657	0.2992666317443688	1141.082530120482	0.15390674848546143	0.042954426401257205	0.43457307490832897	0.17689889994761657	0.2992666317443688	1141.082346778418	0.1539067484925426	0.042954426401257205	0.43457307490832897	0.17689889994761657	0.2992666317443688	1141.0827134625458	0.15390674847838223		0.03165295386881821	0.044525929806181246	0.4388685175484547	0.17726558407543216	0.3030906233630173	1014.9200628601362	0.156135866121567	0.044525929806181246	0.4388685175484547	0.17726558407543216	0.3030906233630173	1014.9198533263489	0.15613586613276778	0.044525929806181246	0.4388685175484547	0.17726558407543216	0.3030906233630173	1014.9202723939235	0.15613586611036961	3714073398.0	145.0	0.039534671336404335	0.04138292299633316	0.43027763226820326	0.17653221581980094	0.29544264012572025	1267.2449973808277	0.1516776308493559	0.04138292299633316	0.43027763226820326	0.17653221581980094	0.29544264012572025	1267.2448402304872	0.15167763085231747	0.04138292299633316	0.43027763226820326	0.17653221581980094	0.29544264012572025	1267.245154531168	0.15167763084639485	COMPLETE
34	1.1620721843098	2021-06-14 22:52:21.665989	2021-06-14 23:14:28.346768	0 days 00:22:06.680779	200	0.39720152192288766	29	0.0024419157171801675	2432	1.1620721843098	0.001361969617600838	0.030644316396018858	0.013776846516500785	0.020586694604504976	37261.313541121	0.0114966956723035	0.001361969617600838	0.030644316396018858	0.013776846516500785	0.020586694604504976	37261.31231011001	0.011496695686099194	0.001361969617600838	0.030644316396018858	0.013776846516500785	0.020586694604504976	37261.314772132006	0.011496695658511677		1.1550567299713033	0.0022001047668936615	0.03195390256678889	0.014667365112624411	0.02210581456259822	37036.79732844421	0.012724973688111069	0.0022001047668936615	0.03195390256678889	0.014667365112624411	0.02210581456259822	37036.7966474594	0.012724973693892607	0.0022001047668936615	0.03195390256678889	0.014667365112624411	0.02210581456259822	37036.79800942902	0.01272497368233071	1725505482.0	480.0	1.1690876386482971	0.0005238344683080147	0.029334730225248823	0.012886327920377161	0.019067574646411733	37485.8297537978	0.01026841765649593	0.0005238344683080147	0.029334730225248823	0.012886327920377161	0.019067574646411733	37485.827972760606	0.010268417678305778	0.0005238344683080147	0.029334730225248823	0.012886327920377161	0.019067574646411733	37485.83153483499	0.01026841763469264	COMPLETE
35	0.9928973814993077	2021-06-14 23:14:28.356057	2021-06-14 23:24:39.837267	0 days 00:10:11.481210	200	0.4382861396303363	16	0.0014577186774386427	1032	0.9928973814993077	0.002252488213724463	0.06165531691985333	0.016343635411210058	0.03462545835515977	31836.83488737559	0.021942843937647737	0.002252488213724463	0.06165531691985333	0.016343635411210058	0.03462545835515977	31836.833682556313	0.02194284394910347	0.002252488213724463	0.06165531691985333	0.016343635411210058	0.03462545835515977	31836.836092194866	0.021942843926196214		0.987824370768994	0.0037716081718177055	0.06516500785751703	0.01885804085908853	0.03729701414353064	31674.516291251963	0.02435601483945796	0.0037716081718177055	0.06516500785751703	0.01885804085908853	0.03729701414353064	31674.514824515452	0.0243560148570121	0.0037716081718177055	0.06516500785751703	0.01885804085908853	0.03729701414353064	31674.517757988477	0.024356014821911274	499873071.0	205.0	0.9979703922296214	0.0007333682556312205	0.05814562598218963	0.013829229963331587	0.03195390256678889	31999.153483499213	0.019529673035837514	0.0007333682556312205	0.05814562598218963	0.013829229963331587	0.03195390256678889	31999.15254059717	0.01952967304119484	0.0007333682556312205	0.05814562598218963	0.013829229963331587	0.03195390256678889	31999.154426401255	0.019529673030481146	COMPLETE
36	0.07586540312320658	2021-06-14 23:24:39.846359	2021-06-14 23:31:05.108013	0 days 00:06:25.261654	200	0.4347564679778407	1	0.0010038665045085918	632	0.07586540312320658	0.03383970665269775	0.3640649554740702	0.14588789942378208	0.24908328968046098	2432.2342587742273	0.1255297878953423	0.03383970665269775	0.3640649554740702	0.14588789942378208	0.24908328968046098	2432.233787323206	0.1255297879195487	0.03383970665269775	0.3640649554740702	0.14588789942378208	0.24908328968046098	2432.2347302252488	0.12552978787114982		0.07674879308128439	0.03687794656888423	0.3688842325825039	0.14897852278679938	0.2533263488737559	2460.8756940806707	0.12908464770531017	0.03687794656888423	0.3688842325825039	0.14897852278679938	0.2533263488737559	2460.875222629649	0.12908464772921127	0.03687794656888423	0.3688842325825039	0.14897852278679938	0.2533263488737559	2460.876165531692	0.12908464768142341	2914180898.0	125.0	0.07498201316512877	0.03080146673651126	0.3592456783656365	0.1427972760607648	0.24484023048716605	2403.592823467784	0.12197492808537445	0.03080146673651126	0.3592456783656365	0.1427972760607648	0.24484023048716605	2403.5923520167626	0.12197492810988608	0.03080146673651126	0.3592456783656365	0.1427972760607648	0.24484023048716605	2403.5932949188054	0.1219749280608762	COMPLETE
37	0.13697750319835747	2021-06-14 23:31:05.112867	2021-06-14 23:46:15.908039	0 days 00:15:10.795172	200	0.4944593994937255	1	0.0012736102707615938	632	0.13697750319835747	0.011995809324253535	0.5225772655840755	0.24195914091147197	0.3812991094814039	4391.605002619172	0.16684838389882362	0.011995809324253535	0.5225772655840755	0.24195914091147197	0.3812991094814039	4391.604452592981	0.16684838390353643	0.011995809324253535	0.5225772655840755	0.24195914091147197	0.3812991094814039	4391.605552645364	0.16684838389411158		0.12692873560001236	0.013619696176008382	0.5297014143530644	0.24473546359350445	0.3859612362493452	4069.8682032477736	0.16964533386486336	0.013619696176008382	0.5297014143530644	0.24473546359350445	0.3859612362493452	4069.867574646412	0.16964533387106814	0.013619696176008382	0.5297014143530644	0.24473546359350445	0.3859612362493452	4069.868831849136	0.16964533385865962	2007394584.0	300.0	0.1470262707967026	0.01037192247249869	0.5154531168150864	0.2391828182294395	0.3766369827134625	4713.341801990571	0.1640514339327839	0.01037192247249869	0.5154531168150864	0.2391828182294395	0.3766369827134625	4713.34133053955	0.16405143393600471	0.01037192247249869	0.5154531168150864	0.2391828182294395	0.3766369827134625	4713.342273441593	0.1640514339295635	COMPLETE
38	0.8998800075043231	2021-06-14 23:46:15.932124	2021-06-15 00:01:05.781144	0 days 00:14:49.849020	500	0.42106888766577427	22	0.0017650210020534003	332	0.8998800075043231	0.0009952854897852278	0.03441592456783656	0.01105290728129911	0.020639078051335778	28853.83321110529	0.011704082465276357	0.0009952854897852278	0.03441592456783656	0.01105290728129911	0.020639078051335778	28853.831430068098	0.011704082491404652	0.0009952854897852278	0.03441592456783656	0.01105290728129911	0.020639078051335778	28853.83499214248	0.011704082439159819		0.8760613037833247	0.0012572027239392352	0.035411210057621795	0.010790990047145102	0.020220010476689365	28090.76673651126	0.011864044687314857	0.0012572027239392352	0.035411210057621795	0.010790990047145102	0.020220010476689365	28090.764693556837	0.011864044731941727	0.0012572027239392352	0.035411210057621795	0.010790990047145102	0.020220010476689365	28090.76877946569	0.011864044642709685	193722655.0	140.0	0.9236987112253214	0.0007333682556312205	0.03342063907805134	0.011314824515453117	0.02105814562598219	29616.899685699318	0.011544120243237853	0.0007333682556312205	0.03342063907805134	0.011314824515453117	0.02105814562598219	29616.89816657936	0.01154412025086758	0.0007333682556312205	0.03342063907805134	0.011314824515453117	0.02105814562598219	29616.901204819278	0.011544120235609957	COMPLETE
39	0.1485320132136588	2021-06-15 00:01:05.789410	2021-06-15 00:12:17.538305	0 days 00:11:11.748895	200	0.44674341700009174	5	0.0026573628091469525	2432	0.1485320132136588	0.04494499738082766	0.566212676794133	0.23467784180199058	0.39601885804085907	4762.213148245154	0.18973058100028492	0.04494499738082766	0.566212676794133	0.23467784180199058	0.39601885804085907	4762.212362493452	0.18973058100481566	0.04494499738082766	0.566212676794133	0.23467784180199058	0.39601885804085907	4762.213933996857	0.18973058099575513		0.14408940318024893	0.04546883184913567	0.5681508643268727	0.235096909376637	0.39874279727606077	4620.143059193295	0.19076060685359364	0.04546883184913567	0.5681508643268727	0.235096909376637	0.39874279727606077	4620.141959140911	0.19076060686141083	0.04546883184913567	0.5681508643268727	0.235096909376637	0.39874279727606077	4620.144159245679	0.1907606068457783	2291063605.0	245.0	0.15297462324706868	0.04442116291251964	0.5642744892613935	0.23425877422734415	0.3932949188056574	4904.283237297014	0.18870055514697617	0.04442116291251964	0.5642744892613935	0.23425877422734415	0.3932949188056574	4904.282765845993	0.1887005551482205	0.04442116291251964	0.5642744892613935	0.23425877422734415	0.3932949188056574	4904.283708748036	0.18870055514573197	COMPLETE
40	1.3626511163905324	2021-06-15 00:12:17.545614	2021-06-15 00:22:58.635380	0 days 00:10:41.089766	200	0.4950386129324028	61	0.0018310510650646381	632	1.3626511163905324	0.000680984808800419	0.010476689366160294	0.00392875851231011	0.006547930853850184	43692.538999476164	0.004193864864103867	0.000680984808800419	0.010476689366160294	0.00392875851231011	0.006547930853850184	43692.537087480356	0.004193864868796617	0.000680984808800419	0.010476689366160294	0.00392875851231011	0.006547930853850184	43692.54091147197	0.00419386485941166		1.3525912377518192	0.0006286013619696176	0.011210057621791513	0.004819277108433735	0.006809848088004191	43370.68800419068	0.0044594635967553295	0.0006286013619696176	0.011210057621791513	0.004819277108433735	0.006809848088004191	43370.68622315348	0.00445946359997853	0.0006286013619696176	0.011210057621791513	0.004819277108433735	0.006809848088004191	43370.68978522787	0.004459463593532414	2293611283.0	195.0	1.3727109950292455	0.0007333682556312205	0.009743321110529073	0.003038239916186485	0.006286013619696176	44014.38999476165	0.003928266131452405	0.0007333682556312205	0.009743321110529073	0.003038239916186485	0.006286013619696176	44014.38795180723	0.003928266137614703	0.0007333682556312205	0.009743321110529073	0.003038239916186485	0.006286013619696176	44014.39203771608	0.003928266125290907	COMPLETE
41		2021-06-15 00:22:58.644462	2021-06-15 00:23:33.239281	0 days 00:00:34.594819	300	0.38370487419288446	39	0.001002086193367185	3232																				CUDA out of memory. Tried to allocate 4.59 GiB (GPU 0; 15.78 GiB total capacity; 5.76 GiB already allocated; 3.97 GiB free; 10.51 GiB reserved in total by PyTorch)																																									FAIL
42	0.050866134532642514	2021-06-15 00:23:33.248637	2021-06-15 00:31:04.872588	0 days 00:07:31.623951	300	0.3702373372359452	1	0.0012045904140893632	1232	0.050866134532642514	0.03603981141959141	0.41985332634887373	0.17234154007333682	0.29072812991094815	1630.758198009429	0.14443956633488744	0.03603981141959141	0.41985332634887373	0.17234154007333682	0.29072812991094815	1630.7580408590886	0.14443956634648264	0.03603981141959141	0.41985332634887373	0.17234154007333682	0.29072812991094815	1630.7583551597695	0.14443956632329963		0.05253301725738842	0.0392875851231011	0.42682032477737036	0.17579884756416972	0.2958617077003667	1684.4209533787323	0.14828761312584737	0.0392875851231011	0.42682032477737036	0.17579884756416972	0.2958617077003667	1684.420743844945	0.14828761314853006	0.0392875851231011	0.42682032477737036	0.17579884756416972	0.2958617077003667	1684.4211629125195	0.14828761310317937	2455429255.0	125.0	0.0491992518078966	0.03279203771608172	0.41288632792037716	0.16888423258250393	0.2855945521215296	1577.0954426401256	0.1405915195439275	0.03279203771608172	0.41288632792037716	0.16888423258250393	0.2855945521215296	1577.095337873232	0.1405915195444352	0.03279203771608172	0.41288632792037716	0.16888423258250393	0.2855945521215296	1577.0955474070195	0.14059151954341986	COMPLETE
43	0.04374430439554822	2021-06-15 00:31:04.882615	2021-06-15 00:39:12.657187	0 days 00:08:07.774572	300	0.39413251562383034	1	0.0010017447148369032	1232	0.04374430439554822	0.03609219486642221	0.4531691985332635	0.19748559455212153	0.3257726558407543	1402.4198533263489	0.1572863073648828	0.03609219486642221	0.4531691985332635	0.19748559455212153	0.3257726558407543	1402.4197485594552	0.157286307365462	0.03609219486642221	0.4531691985332635	0.19748559455212153	0.3257726558407543	1402.4199580932425	0.15728630736430366		0.04227613955761849	0.036563645887899426	0.46212676794133056	0.20041906757464642	0.3306443163960189	1355.5435830277631	0.1594202029098577	0.036563645887899426	0.46212676794133056	0.20041906757464642	0.3306443163960189	1355.5435306443164	0.1594202029099254	0.036563645887899426	0.46212676794133056	0.20041906757464642	0.3306443163960189	1355.54363541121	0.15942020290978998	1881036786.0	135.0	0.045212469233477943	0.035620743844945	0.44421162912519646	0.19455212152959664	0.32090099528548977	1449.2961236249346	0.15515241181990788	0.035620743844945	0.44421162912519646	0.19455212152959664	0.32090099528548977	1449.295966474594	0.15515241182099854	0.035620743844945	0.44421162912519646	0.19455212152959664	0.32090099528548977	1449.296280775275	0.15515241181881737	COMPLETE
44	0.9745903912345617	2021-06-15 00:39:12.668890	2021-06-15 00:53:54.786843	0 days 00:14:42.117953	300	0.3789693205971943	14	0.0012975903186278127	1232	0.9745903912345617	0.0031953902566788893	0.0680984808800419	0.0177579884756417	0.03693033001571503	31249.919827134625	0.02451142151904913	0.0031953902566788893	0.0680984808800419	0.0177579884756417	0.03693033001571503	31249.918386589838	0.02451142153573234	0.0031953902566788893	0.0680984808800419	0.0177579884756417	0.03693033001571503	31249.921267679412	0.02451142150237092		0.9690872761109244	0.0056574122577265585	0.07396542692509167	0.021477213200628602	0.04180199057097957	31073.736301728655	0.028212891814598143	0.0056574122577265585	0.07396542692509167	0.021477213200628602	0.04180199057097957	31073.734939759037	0.028212891831764075	0.0056574122577265585	0.07396542692509167	0.021477213200628602	0.04180199057097957	31073.73766369827	0.02821289179743817	1852069923.0	245.0	0.9800935063581991	0.0007333682556312205	0.06223153483499214	0.014038763750654793	0.032058669460450495	31426.1033525406	0.020809951223500114	0.0007333682556312205	0.06223153483499214	0.014038763750654793	0.032058669460450495	31426.10183342064	0.0208099512397006	0.0007333682556312205	0.06223153483499214	0.014038763750654793	0.032058669460450495	31426.104871660555	0.02080995120730367	COMPLETE
45	0.03445023302490694	2021-06-15 00:53:54.795824	2021-06-15 01:01:28.390882	0 days 00:07:33.595058	300	0.31970168873359067	1	0.0015736407249343375	3032	0.03445023302490694	0.04237820848611839	0.46259821896280773	0.1887375589313777	0.32022001047668935	1104.4367993713986	0.1606504185892233	0.04237820848611839	0.46259821896280773	0.1887375589313777	0.32022001047668935	1104.4366160293348	0.16065041868985594	0.04237820848611839	0.46259821896280773	0.1887375589313777	0.32022001047668935	1104.4369827134626	0.1606504184887251		0.03140021347718333	0.042325825039287585	0.4688318491356731	0.19119958093242537	0.3228915662650602	1006.817338920901	0.16243042046674022	0.042325825039287585	0.4688318491356731	0.19119958093242537	0.3228915662650602	1006.8170770036669	0.16243042064943375	0.042325825039287585	0.4688318491356731	0.19119958093242537	0.3228915662650602	1006.8176008381351	0.16243042028430515	3282425715.0	135.0	0.03750025257263056	0.04243059193294919	0.4563645887899424	0.18627553693033003	0.3175484546883185	1202.0562598218962	0.15887041671170635	0.04243059193294919	0.4563645887899424	0.18627553693033003	0.3175484546883185	1202.0561550550026	0.15887041673027807	0.04243059193294919	0.4563645887899424	0.18627553693033003	0.3175484546883185	1202.0563645887898	0.15887041669314503	COMPLETE
46	0.04807396566644836	2021-06-15 01:01:28.394472	2021-06-15 01:10:08.677181	0 days 00:08:40.282709	300	0.329227616703769	6	0.0015785713447770899	1232	0.04807396566644836	0.03855421686746988	0.3795704557359874	0.1502357255107386	0.25578837087480355	1541.2324777370352	0.1350181575722327	0.03855421686746988	0.3795704557359874	0.1502357255107386	0.25578837087480355	1541.2321110529074	0.13501815758771055	0.03855421686746988	0.3795704557359874	0.1502357255107386	0.25578837087480355	1541.232844421163	0.1350181575567612		0.044451729330265435	0.04106862231534835	0.38323729701414355	0.15295966474594028	0.26296490309062337	1425.3097957045575	0.13822011192046885	0.04106862231534835	0.38323729701414355	0.15295966474594028	0.26296490309062337	1425.30958617077	0.13822011192566924	0.04106862231534835	0.38323729701414355	0.15295966474594028	0.26296490309062337	1425.3100052383447	0.13822011191526992	1931050028.0	145.0	0.051696202002631274	0.03603981141959141	0.3759036144578313	0.14751178627553693	0.24861183865898376	1657.155159769513	0.13181620322399656	0.03603981141959141	0.3759036144578313	0.14751178627553693	0.24861183865898376	1657.1546359350446	0.13181620324975185	0.03603981141959141	0.3759036144578313	0.14751178627553693	0.24861183865898376	1657.155683603981	0.13181620319825246	COMPLETE
47	1.0702348498194267	2021-06-15 01:10:08.686880	2021-06-15 01:40:07.943225	0 days 00:29:59.256345	300	0.3236949231880217	18	0.0016343206516477424	3032	1.0702348498194267	0.004033525405971713	0.04672603457307491	0.014929282346778419	0.029229963331587217	34316.76723415401	0.017060209306023134	0.004033525405971713	0.04672603457307491	0.014929282346778419	0.029229963331587217	34316.7661079099	0.017060209800148444	0.004033525405971713	0.04672603457307491	0.014929282346778419	0.029229963331587217	34316.76836039811	0.01706020881320518		1.0659138584921162	0.0071241487689889995	0.052697747511786276	0.019486642221058146	0.03363017286537454	34178.47579884756	0.021108955042853542	0.0071241487689889995	0.052697747511786276	0.019486642221058146	0.03363017286537454	34178.47459402829	0.021108955463826184	0.0071241487689889995	0.052697747511786276	0.019486642221058146	0.03363017286537454	34178.47700366684	0.021108954622707732	4272924721.0	535.0	1.0745558411467375	0.0009429020429544264	0.040754321634363544	0.01037192247249869	0.024829753797799895	34455.05866946045	0.013011463569192729	0.0009429020429544264	0.040754321634363544	0.01037192247249869	0.024829753797799895	34455.057621791515	0.013011464136470705	0.0009429020429544264	0.040754321634363544	0.01037192247249869	0.024829753797799895	34455.059717129385	0.01301146300370263	COMPLETE
48	0.09820151873854896	2021-06-15 01:40:07.953344	2021-06-15 01:55:06.503146	0 days 00:14:58.549802	300	0.4615290448439567	6	0.001978703290543571	2632	0.09820151873854896	0.02928234677841802	0.26506024096385544	0.10880041906757465	0.17124148768989	3148.5232582503927	0.09968953098309113	0.02928234677841802	0.26506024096385544	0.10880041906757465	0.17124148768989	3148.522524882137	0.09968953099157452	0.02928234677841802	0.26506024096385544	0.10880041906757465	0.17124148768989	3148.5239916186483	0.09968953097461077		0.09162043139367064	0.031534834992142484	0.270193818753274	0.10801466736511263	0.17255107386066004	2937.7648507071767	0.10164559124527767	0.031534834992142484	0.270193818753274	0.10801466736511263	0.17255107386066004	2937.7641697223676	0.10164559125923693	0.031534834992142484	0.270193818753274	0.10801466736511263	0.17255107386066004	2937.7655316919854	0.10164559123132412	1900542437.0	265.0	0.10478260608342728	0.027029858564693556	0.25992666317443686	0.10958617077003667	0.16993190151911997	3359.281665793609	0.09773347072090462	0.027029858564693556	0.25992666317443686	0.10958617077003667	0.16993190151911997	3359.2808800419066	0.09773347072391211	0.027029858564693556	0.25992666317443686	0.10958617077003667	0.16993190151911997	3359.2824515453117	0.09773347071789742	COMPLETE
49	0.932868153829802	2021-06-15 01:55:06.521127	2021-06-15 02:10:12.576139	0 days 00:15:06.055012	300	0.34749670176920877	75	0.0029385352353143057	132	0.932868153829802	0.001571503404924044	0.015872184389732844	0.006809848088004191	0.010319539025667889	29911.388737558933	0.006452360948830724	0.001571503404924044	0.015872184389732844	0.006809848088004191	0.010319539025667889	29911.386327920376	0.006452360956879813	0.001571503404924044	0.015872184389732844	0.006809848088004191	0.010319539025667889	29911.391147197486	0.006452360940783103		0.9060242116270126	0.0020953378732320588	0.016657936092194868	0.006390780513357779	0.010057621791513881	29051.47553693033	0.006934357488120971	0.0020953378732320588	0.016657936092194868	0.006390780513357779	0.010057621791513881	29051.473441592458	0.006934357498331898	0.0020953378732320588	0.016657936092194868	0.006390780513357779	0.010057621791513881	29051.477632268205	0.006934357477912456	2089358685.0	120.0	0.9597120960325913	0.0010476689366160294	0.015086432687270822	0.007228915662650603	0.010581456259821896	30771.30193818753	0.0059703644095404785	0.0010476689366160294	0.015086432687270822	0.007228915662650603	0.010581456259821896	30771.299214248298	0.00597036441542773	0.0010476689366160294	0.015086432687270822	0.007228915662650603	0.010581456259821896	30771.304662126768	0.005970364403653751	COMPLETE
50	0.5555037418888014	2021-06-15 02:10:12.584904	2021-06-15 03:09:35.336181	0 days 00:59:22.751277	300	0.3059012800914214	22	0.002188103886151883	32	0.5555037418888014	0.002462022001047669	0.03682556312205343	0.01964379256155055	0.027658459926663173	17811.201807228917	0.014625925592273995	0.002462022001047669	0.03682556312205343	0.01964379256155055	0.027658459926663173	17811.20015715034	0.014625925602147021	0.002462022001047669	0.03682556312205343	0.01964379256155055	0.027658459926663173	17811.203457307492	0.014625925582403158		0.5321102689370645	0.0022001047668936615	0.035306443163960186	0.018124672603457306	0.025982189628077527	17061.90130958617	0.014076196396754743	0.0022001047668936615	0.035306443163960186	0.018124672603457306	0.025982189628077527	17061.899633315872	0.014076196404551307	0.0022001047668936615	0.035306443163960186	0.018124672603457306	0.025982189628077527	17061.902985856468	0.014076196388959456	676646904.0	185.0	0.5788972148405382	0.002723939235201676	0.03834468308014667	0.021162912519643792	0.029334730225248823	18560.50230487166	0.01517565478779325	0.002723939235201676	0.03834468308014667	0.021162912519643792	0.029334730225248823	18560.50068098481	0.015175654799742748	0.002723939235201676	0.03834468308014667	0.021162912519643792	0.029334730225248823	18560.503928758513	0.01517565477584686	COMPLETE
51	1.057909537398281	2021-06-15 03:09:35.351288	2021-06-15 03:17:44.133234	0 days 00:08:08.781946	300	0.20621831566025994	42	0.00521159384725944	732	1.057909537398281	0.002723939235201676	0.028444211629125197	0.014143530644316397	0.020377160817181772	33920.97833944474	0.011329842185812155	0.002723939235201676	0.028444211629125197	0.014143530644316397	0.020377160817181772	33920.976584599266	0.011329842214990076	0.002723939235201676	0.028444211629125197	0.014143530644316397	0.020377160817181772	33920.98009429021	0.011329842156652494		1.0403882617856854	0.0026191723415400735	0.028706128863279202	0.014248297537977999	0.020220010476689365	33359.88182294395	0.011267433505410682	0.0026191723415400735	0.028706128863279202	0.014248297537977999	0.020220010476689365	33359.87962283918	0.011267433523433014	0.0026191723415400735	0.028706128863279202	0.014248297537977999	0.020220010476689365	33359.88402304872	0.011267433487392675	1380944278.0	120.0	1.0754308130108765	0.0028287061288632793	0.028182294394971188	0.014038763750654793	0.020534311157674175	34482.074855945524	0.01139225086621363	0.0028287061288632793	0.028182294394971188	0.014038763750654793	0.020534311157674175	34482.07354635935	0.011392250906547139	0.0028287061288632793	0.028182294394971188	0.014038763750654793	0.020534311157674175	34482.07616553169	0.01139225082591231	COMPLETE
