number	value	datetime_start	datetime_complete	duration	params_loss.margin	params_loss.margin_activation	params_model.embedding_dim	params_model.input_dropout	params_negative_sampler.num_negs_per_pos	params_optimizer.lr	params_training.batch_size	params_training.num_epochs	user_attrs_both.optimistic.arithmetic_mean_rank	user_attrs_both.optimistic.geometric_mean_rank	user_attrs_both.optimistic.harmonic_mean_rank	user_attrs_both.optimistic.hits_at_1	user_attrs_both.optimistic.hits_at_10	user_attrs_both.optimistic.hits_at_3	user_attrs_both.optimistic.hits_at_5	user_attrs_both.optimistic.inverse_arithmetic_mean_rank	user_attrs_both.optimistic.inverse_geometric_mean_rank	user_attrs_both.optimistic.inverse_harmonic_mean_rank	user_attrs_both.optimistic.inverse_median_rank	user_attrs_both.optimistic.median_rank	user_attrs_both.optimistic.rank_mad	user_attrs_both.optimistic.rank_std	user_attrs_both.optimistic.rank_var	user_attrs_both.pessimistic.arithmetic_mean_rank	user_attrs_both.pessimistic.geometric_mean_rank	user_attrs_both.pessimistic.harmonic_mean_rank	user_attrs_both.pessimistic.hits_at_1	user_attrs_both.pessimistic.hits_at_10	user_attrs_both.pessimistic.hits_at_3	user_attrs_both.pessimistic.hits_at_5	user_attrs_both.pessimistic.inverse_arithmetic_mean_rank	user_attrs_both.pessimistic.inverse_geometric_mean_rank	user_attrs_both.pessimistic.inverse_harmonic_mean_rank	user_attrs_both.pessimistic.inverse_median_rank	user_attrs_both.pessimistic.median_rank	user_attrs_both.pessimistic.rank_mad	user_attrs_both.pessimistic.rank_std	user_attrs_both.pessimistic.rank_var	user_attrs_both.realistic.adjusted_arithmetic_mean_rank	user_attrs_both.realistic.adjusted_arithmetic_mean_rank_index	user_attrs_both.realistic.arithmetic_mean_rank	user_attrs_both.realistic.geometric_mean_rank	user_attrs_both.realistic.harmonic_mean_rank	user_attrs_both.realistic.hits_at_1	user_attrs_both.realistic.hits_at_10	user_attrs_both.realistic.hits_at_3	user_attrs_both.realistic.hits_at_5	user_attrs_both.realistic.inverse_arithmetic_mean_rank	user_attrs_both.realistic.inverse_geometric_mean_rank	user_attrs_both.realistic.inverse_harmonic_mean_rank	user_attrs_both.realistic.inverse_median_rank	user_attrs_both.realistic.median_rank	user_attrs_both.realistic.rank_mad	user_attrs_both.realistic.rank_std	user_attrs_both.realistic.rank_var	user_attrs_head.optimistic.arithmetic_mean_rank	user_attrs_head.optimistic.geometric_mean_rank	user_attrs_head.optimistic.harmonic_mean_rank	user_attrs_head.optimistic.hits_at_1	user_attrs_head.optimistic.hits_at_10	user_attrs_head.optimistic.hits_at_3	user_attrs_head.optimistic.hits_at_5	user_attrs_head.optimistic.inverse_arithmetic_mean_rank	user_attrs_head.optimistic.inverse_geometric_mean_rank	user_attrs_head.optimistic.inverse_harmonic_mean_rank	user_attrs_head.optimistic.inverse_median_rank	user_attrs_head.optimistic.median_rank	user_attrs_head.optimistic.rank_mad	user_attrs_head.optimistic.rank_std	user_attrs_head.optimistic.rank_var	user_attrs_head.pessimistic.arithmetic_mean_rank	user_attrs_head.pessimistic.geometric_mean_rank	user_attrs_head.pessimistic.harmonic_mean_rank	user_attrs_head.pessimistic.hits_at_1	user_attrs_head.pessimistic.hits_at_10	user_attrs_head.pessimistic.hits_at_3	user_attrs_head.pessimistic.hits_at_5	user_attrs_head.pessimistic.inverse_arithmetic_mean_rank	user_attrs_head.pessimistic.inverse_geometric_mean_rank	user_attrs_head.pessimistic.inverse_harmonic_mean_rank	user_attrs_head.pessimistic.inverse_median_rank	user_attrs_head.pessimistic.median_rank	user_attrs_head.pessimistic.rank_mad	user_attrs_head.pessimistic.rank_std	user_attrs_head.pessimistic.rank_var	user_attrs_head.realistic.adjusted_arithmetic_mean_rank	user_attrs_head.realistic.adjusted_arithmetic_mean_rank_index	user_attrs_head.realistic.arithmetic_mean_rank	user_attrs_head.realistic.geometric_mean_rank	user_attrs_head.realistic.harmonic_mean_rank	user_attrs_head.realistic.hits_at_1	user_attrs_head.realistic.hits_at_10	user_attrs_head.realistic.hits_at_3	user_attrs_head.realistic.hits_at_5	user_attrs_head.realistic.inverse_arithmetic_mean_rank	user_attrs_head.realistic.inverse_geometric_mean_rank	user_attrs_head.realistic.inverse_harmonic_mean_rank	user_attrs_head.realistic.inverse_median_rank	user_attrs_head.realistic.median_rank	user_attrs_head.realistic.rank_mad	user_attrs_head.realistic.rank_std	user_attrs_head.realistic.rank_var	user_attrs_random_seed	user_attrs_stopped_epoch	user_attrs_tail.optimistic.arithmetic_mean_rank	user_attrs_tail.optimistic.geometric_mean_rank	user_attrs_tail.optimistic.harmonic_mean_rank	user_attrs_tail.optimistic.hits_at_1	user_attrs_tail.optimistic.hits_at_10	user_attrs_tail.optimistic.hits_at_3	user_attrs_tail.optimistic.hits_at_5	user_attrs_tail.optimistic.inverse_arithmetic_mean_rank	user_attrs_tail.optimistic.inverse_geometric_mean_rank	user_attrs_tail.optimistic.inverse_harmonic_mean_rank	user_attrs_tail.optimistic.inverse_median_rank	user_attrs_tail.optimistic.median_rank	user_attrs_tail.optimistic.rank_mad	user_attrs_tail.optimistic.rank_std	user_attrs_tail.optimistic.rank_var	user_attrs_tail.pessimistic.arithmetic_mean_rank	user_attrs_tail.pessimistic.geometric_mean_rank	user_attrs_tail.pessimistic.harmonic_mean_rank	user_attrs_tail.pessimistic.hits_at_1	user_attrs_tail.pessimistic.hits_at_10	user_attrs_tail.pessimistic.hits_at_3	user_attrs_tail.pessimistic.hits_at_5	user_attrs_tail.pessimistic.inverse_arithmetic_mean_rank	user_attrs_tail.pessimistic.inverse_geometric_mean_rank	user_attrs_tail.pessimistic.inverse_harmonic_mean_rank	user_attrs_tail.pessimistic.inverse_median_rank	user_attrs_tail.pessimistic.median_rank	user_attrs_tail.pessimistic.rank_mad	user_attrs_tail.pessimistic.rank_std	user_attrs_tail.pessimistic.rank_var	user_attrs_tail.realistic.adjusted_arithmetic_mean_rank	user_attrs_tail.realistic.adjusted_arithmetic_mean_rank_index	user_attrs_tail.realistic.arithmetic_mean_rank	user_attrs_tail.realistic.geometric_mean_rank	user_attrs_tail.realistic.harmonic_mean_rank	user_attrs_tail.realistic.hits_at_1	user_attrs_tail.realistic.hits_at_10	user_attrs_tail.realistic.hits_at_3	user_attrs_tail.realistic.hits_at_5	user_attrs_tail.realistic.inverse_arithmetic_mean_rank	user_attrs_tail.realistic.inverse_geometric_mean_rank	user_attrs_tail.realistic.inverse_harmonic_mean_rank	user_attrs_tail.realistic.inverse_median_rank	user_attrs_tail.realistic.median_rank	user_attrs_tail.realistic.rank_mad	user_attrs_tail.realistic.rank_std	user_attrs_tail.realistic.rank_var	state
0	0.8832289021552238	2021-06-07 14:30:01.888531	2021-06-07 14:39:52.164837	0 days 00:09:50.276306	1	softplus	200	0.0	15	0.027471290334971445	2032	100	5129.544556708538	782.9304632432321	54.132472208021	0.003914072455852903	0.037684325505188423	0.012561441835062807	0.019934462042599674	0.00019494908153047948	0.0012772526385773433	0.018473200266139453	0.0012738853503184713	785.0	771.0	8792.228301127792	77303278.49915251	5129.544920808302	782.9305204338665	54.13247231970697	0.003914072455852903	0.037684325505188423	0.012561441835062807	0.019934462042599674	0.00019494906769281637	0.001277252545278019	0.018473200228025594	0.0012738853503184713	785.0	771.0	8792.22872588933	77303285.96835351	0.11679120749879704	0.8832289021552238	5129.54473875842	782.9304918422781	54.13247226388538	0.003914072455852903	0.037684325505188423	0.012561441835062807	0.019934462042599674	0.00019494907461164768	0.0012772525919215964	0.01847320024707522	0.0012738853503184713	785.0	771.0	8792.228513503389	77303282.23366201	8879.413071181503	3150.039312198344	114.13216108122595	0.002821773165847442	0.01720371381758602	0.007281995266703077	0.010467868195885672	0.00011262005630141712	0.0003174563555850107	0.008761772234281245	0.00016962089729454668	5895.5	5120.0	10542.569484213192	111145771.32946321	8879.413708356089	3150.0395272244727	114.13216120726537	0.002821773165847442	0.01720371381758602	0.007281995266703077	0.010467868195885672	0.00011262004821995588	0.00031745633391499334	0.008761772224605368	0.00016962089729454668	5895.5	5120.0	10542.570000248936	111145782.21014886	0.2023871383868091	0.7976310418979655	8879.413389768797	3150.03941971522	114.13216114425062	0.002821773165847442	0.01720371381758602	0.007281995266703077	0.010467868195885672	0.00011262005226068634	0.0003174563447496175	0.008761772229442926	0.00016962089729454668	5895.5	5120.0	10542.569742223517	111145776.76964685	1751960199		1379.6760422355726	194.5944318537654	35.48033308890732	0.005006371745858365	0.058164937192790825	0.017840888403422538	0.029401055889313674	0.0007248078312497473	0.005138893186581433	0.028184628297997658	0.005714285714285714	175.0	144.0	3916.344969122412	15337757.917170426	1379.6761332605133	194.59444699951007	35.48033317268637	0.005006371745858365	0.058164937192790825	0.017840888403422538	0.029401055889313674	0.0007248077834301262	0.005138892786609259	0.02818462823144582	0.005714285714285714	175.0	144.0	3916.344964237432	15337757.878907895	0.031379184913831966	0.9686428457810848	1379.676087748043	194.59443942825618	35.480333130814756	0.005006371745858365	0.058164937192790825	0.017840888403422538	0.029401055889313674	0.0007248078073399358	0.005138892986552598	0.028184628264707513	0.005714285714285714	175.0	144.0	3916.3449666770175	15337757.89801641	COMPLETE
1	0.8763827629395642	2021-06-07 14:39:52.167706	2021-06-07 14:46:06.726823	0 days 00:06:14.559117	1	relu	100	0.1	4	0.013536130274515324	1032	300	5430.224513016567	742.2409947594347	45.93149825813589	0.004460222100855634	0.048379756053158564	0.013608228654651375	0.02453122155470599	0.00018415444842159682	0.001347271313576673	0.02177155193980351	0.0009633911368015414	1038.0	1023.0	9738.726857701415	94842800.80891486	5430.2249226288	742.2410317426534	45.931498276936274	0.004460222100855634	0.048379756053158564	0.013608228654651375	0.02453122155470599	0.00018415443453047517	0.001347271246446957	0.02177155193089212	0.0009633911368015414	1038.0	1023.0	9738.72738641831	94842811.10697399	0.12363719083924612	0.8763827629395642	5430.2247178226835	742.2410132518708	45.93149826753709	0.004460222100855634	0.048379756053158564	0.013608228654651375	0.02453122155470599	0.00018415444147603573	0.0013472712800103135	0.021771551935347338	0.0009633911368015414	1038.0	1023.0	9738.72712205461	94842805.95784207	9507.021390861097	3112.9014797358336	102.77427561377355	0.003003823047515019	0.020844711450937557	0.007646095030038231	0.01237939195339523	0.00010518541600855966	0.00032124370350611347	0.009730061282630752	0.00016901884560128455	5916.5	5268.0	12046.369056654152	145115007.44911462	9507.022119060623	3112.90175969699	102.77427579107086	0.003003823047515019	0.020844711450937557	0.007646095030038231	0.01237939195339523	0.00010518540795178131	0.0003212436746148198	0.00973006126584529	0.00016901884560128455	5916.5	5268.0	12046.369635330348	145115021.391009	0.21669212177740133	0.7833257324485994	9507.021754960859	3112.901619722942	102.77427570243196	0.003003823047515019	0.020844711450937557	0.007646095030038231	0.01237939195339523	0.00010518541198017035	0.0003212436890597921	0.009730061274237098	0.00016901884560128455	5916.5	5268.0	12046.369345984702	145115014.4198799	1964605498	105.0	1353.427635172037	176.9801254192691	29.574386780840157	0.00591662115419625	0.07591480065537957	0.01957036227926452	0.03668305115601675	0.00073886477120211	0.00565035196822797	0.03381304259697626	0.008064516129032258	124.0	111.0	3366.0137555139754	11330048.602309298	1353.427726196978	176.98012713900266	29.57438678174744	0.00591662115419625	0.07591480065537957	0.01957036227926452	0.03668305115601675	0.0007388647215096729	0.005650351913322935	0.03381304259593895	0.008064516129032258	124.0	111.0	3366.013972233362	11330050.061270216	0.03078219434028031	0.9692398499328262	1353.4276806845075	176.98012627915884	29.57438678129382	0.00591662115419625	0.07591480065537957	0.01957036227926452	0.03668305115601675	0.0007388647463558906	0.005650351940774719	0.03381304259645758	0.008064516129032258	124.0	111.0	3366.0138638702906	11330049.331767004	COMPLETE
2	0.6558515976064556	2021-06-07 14:46:06.731186	2021-06-07 14:59:13.182721	0 days 00:13:06.451535	2	softplus	300	0.30000000000000004	4	0.08467345772599379	1032	200	15115.873975969416	4324.35883083207	108.36999116621422	0.0030493355179319133	0.02011651192426725	0.008192244675040962	0.012743491716730384	6.615561902604892e-05	0.00023124815472530647	0.009227646779690457	0.00015157256536566882	6597.5	6062.5	19819.68570533631	392819941.4583124	15115.874840706354	4324.3591063276735	108.3699912697821	0.0030493355179319133	0.02011651192426725	0.008192244675040962	0.012743491716730384	6.615561524147091e-05	0.00023124813999298469	0.009227646770871708	0.00015157256536566882	6597.5	6062.5	19819.686322179867	392819965.90960366	0.3441633350442816	0.6558515976064556	15115.874408337884	4324.358968584633	108.36999121800281	0.0030493355179319133	0.02011651192426725	0.008192244675040962	0.012743491716730384	6.615561713375986e-05	0.00023124814735889075	0.009227646775280688	0.00015157256536566882	6597.5	6062.5	19819.686013752642	392819953.68374205	19397.12443109412	7161.154562088887	371.6435171655303	0.0004551247041689423	0.004460222100855634	0.0017294738758419808	0.002730748225013654	5.155403335955163e-05	0.0001396422869147378	0.0026907505547973795	9.670712247957061e-05	10340.5	9232.5	21876.157146587142	478566251.5021757	19397.12543236847	7161.155229964491	371.6435190946804	0.0004551247041689423	0.004460222100855634	0.0017294738758419808	0.002730748225013654	5.1554030698346414e-05	0.00013964227389118592	0.002690750540830065	9.670712247957061e-05	10340.5	9232.5	21876.157248247266	478566255.95004135	0.4421157609789744	0.5578969550826951	19397.124931731294	7161.1548960391865	371.643518130194	0.0004551247041689423	0.004460222100855634	0.0017294738758419808	0.002730748225013654	5.1554032028948986e-05	0.00013964228040271788	0.00269075054781308	9.670712247957061e-05	10340.5	9232.5	21876.15719741149	478566253.72585845	279769819	105.0	10834.62352084471	2611.321838631077	63.43349120296417	0.005643546331694884	0.03577280174767886	0.014655015474239941	0.022756235208447113	9.229670030307024e-05	0.00038294781792359465	0.015764543004583534	0.0002332089552238806	4288.0	4007.0	16444.312709731534	270415420.4954381	10834.624249044238	2611.321927813005	63.43349121773228	0.005643546331694884	0.03577280174767886	0.014655015474239941	0.022756235208447113	9.229669409977127e-05	0.0003829478048451517	0.01576454300091335	0.0002332089552238806	4288.0	4007.0	16444.31399031141	270415462.6119516	0.24642136612835225	0.7535957735621439	10834.623884944474	2611.3218832232383	63.43349121034883	0.005643546331694884	0.03577280174767886	0.014655015474239941	0.022756235208447113	9.229669720142065e-05	0.0003829478113841975	0.015764543002748294	0.0002332089552238806	4288.0	4007.0	16444.313350015953	270415441.5535129	COMPLETE
3	0.782807043601427	2021-06-07 14:59:13.188707	2021-06-07 15:31:45.468677	0 days 00:32:32.279970	0	softplus	400	0.1	61	0.026621983382259972	1132	200	9540.036409976334	1718.6076228100012	49.40690281146639	0.008010194793373384	0.03932277444019661	0.018113963225923905	0.025669033315128344	0.00010482140287790377	0.0005818663822548132	0.020240086771193423	0.00031580609505763463	3166.5	3101.5	15446.27210471981	238587321.93304533	9540.03709266339	1718.6078324569855	49.406902889180564	0.008010194793373384	0.03932277444019661	0.018113963225923905	0.025669033315128344	0.00010482139537686218	0.0005818663112749596	0.020240086739356948	0.00031580609505763463	3166.5	3101.5	15446.27231337619	238587328.37897182	0.2172107796137932	0.782807043601427	9540.036751319862	1718.6077276403294	49.40690285032932	0.008010194793373384	0.03932277444019661	0.018113963225923905	0.025669033315128344	0.00010482139912738284	0.0005818663467625698	0.020240086755272793	0.00031580609505763463	3166.5	3101.5	15446.27220904248	238587325.15583804	12403.844074276352	4197.81137398497	183.58114722298637	0.0014563990533406153	0.01064991807755325	0.0036409976333515383	0.00591662115419625	8.062016855515338e-05	0.00023821937455248328	0.005447182432002958	0.0001519179642992784	6582.5	5807.0	15980.224814072877	255367585.10831052	12403.8450755507	4197.812120897317	183.58114881770814	0.0014563990533406153	0.01064991807755325	0.0036409976333515383	0.00591662115419625	8.062016204725956e-05	0.0002382193321663576	0.005447182384684699	0.0001519179642992784	6582.5	5807.0	15980.225068621336	255367593.24379376	0.28271897008467367	0.7172973791669683	12403.844574913526	4197.811747465954	183.58114802046777	0.0014563990533406153	0.01064991807755325	0.0036409976333515383	0.00591662115419625	8.062016530120634e-05	0.0002382193533580106	0.005447182408340252	0.0001519179642992784	6582.5	5807.0	15980.224941339282	255367589.17580205	3898513078	110.0	6676.228745676315	703.6076417070589	28.54452241457615	0.014563990533406153	0.06799563080283998	0.032586928818496265	0.04542144547606044	0.00014978516136787912	0.0014212466447548072	0.03503299111038389	0.001084010840108401	922.5	907.5	14331.931833551718	205404270.0815731	6676.229109776079	703.6076881761782	28.544522427901793	0.014563990533406153	0.06799563080283998	0.032586928818496265	0.04542144547606044	0.00014978515319908486	0.0014212465508898866	0.035032991094029194	0.001084010840108401	922.5	907.5	14331.93187216754	205404271.18845177	0.15184333765771002	0.8481759531528721	6676.228927726197	703.6076649430564	28.54452242123995	0.014563990533406153	0.06799563080283998	0.032586928818496265	0.04542144547606044	0.00014978515728348188	0.0014212465978194408	0.03503299110220534	0.001084010840108401	922.5	907.5	14331.931852856453	205404270.6349214	COMPLETE
4	0.7245502114626953	2021-06-07 15:31:45.475498	2021-06-07 15:50:05.891194	0 days 00:18:20.415696	3	relu	400	0.30000000000000004	4	0.05266372623961944	1832	700	12098.655561623886	2152.8271771964055	51.459177383715904	0.009421081376297106	0.034498452576005825	0.015883852175496087	0.021163298743855818	8.265381181458972e-05	0.00046450547010572625	0.01943287963084398	0.00023872045834328001	4189.0	4117.0	18771.54152471148	352370771.2139673	12098.656289823411	2152.827684614498	51.459178238354724	0.009421081376297106	0.034498452576005825	0.015883852175496087	0.021163298743855818	8.265380683978384e-05	0.000464505360622519	0.019432879308100906	0.00023872045834328001	4189.0	4117.0	18771.542012635655	352370789.5321455	0.27546628534129025	0.7245502114626953	12098.655925723648	2152.827430992289	51.45917781141684	0.009421081376297106	0.034498452576005825	0.015883852175496087	0.021163298743855818	8.265380932718671e-05	0.0004645054153453797	0.01943287946932836	0.00023872045834328001	4189.0	4117.0	18771.54176866872	352370780.37287444	14974.959220826506	5120.748017588976	287.5326470690154	0.0007281995266703076	0.005825596213362461	0.0016384489350081922	0.003003823047515019	6.67781451190361e-05	0.00019528396956170366	0.0034778659404195366	0.00012177301509985388	8212.0	7353.0	18572.66597909589	344943921.57106596	14974.959766976152	5120.748428260928	287.5326487024113	0.0007281995266703076	0.005825596213362461	0.0016384489350081922	0.003003823047515019	6.677814268357977e-05	0.00019528395390038967	0.003477865920662713	0.00012177301509985388	8212.0	7353.0	18572.666108224163	344943926.3675785	0.34132200702821247	0.6586930064627471	14974.95949390133	5120.748222937596	287.5326478858347	0.0007281995266703076	0.005825596213362461	0.0016384489350081922	0.003003823047515019	6.67781439013079e-05	0.00019528396173056414	0.0034778659305396567	0.00012177301509985388	8212.0	7353.0	18572.666043656354	344943923.96918577	4107634221	105.0	9222.351902421264	905.0757504481965	28.258251795932463	0.018113963225923905	0.0631713089386492	0.03012925541598398	0.03932277444019661	0.00010843221019764569	0.001104879894864929	0.03538789332126843	0.0007194244604316547	1390.0	1375.0	18527.04443177551	343251375.37698394	9222.352812670671	905.076104513226	28.25825229559536	0.018113963225923905	0.0631713089386492	0.03012925541598398	0.03932277444019661	0.00010843219949534908	0.0011048794626368206	0.0353878926955391	0.0007194244604316547	1390.0	1375.0	18527.045347581752	343251409.31135064	0.20975205886209256	0.790265914849631	9222.352357545968	905.0759275514858	28.258252045992844	0.018113963225923905	0.0631713089386492	0.03012925541598398	0.03932277444019661	0.00010843220484649711	0.0011048796786644337	0.035387893008117066	0.0007194244604316547	1390.0	1375.0	18527.0448896725	343251392.3439399	COMPLETE
5	0.7149477831328828	2021-06-07 15:50:05.895625	2021-06-07 16:14:43.892451	0 days 00:24:37.996826	0	relu	500	0.0	3	0.08121662925265444	2732	500	12520.39081558347	2490.423492821818	51.20829451881245	0.007555070089204442	0.04296377207354815	0.018068450755507007	0.026624795193883125	7.986971131566857e-05	0.00040153813312567677	0.01952808640468643	0.000209819555182543	4766.0	4647.0	18666.73232638741	348446895.74499667	12520.391452758056	2490.4237371396475	51.20829467902659	0.007555070089204442	0.04296377207354815	0.018068450755507007	0.026624795193883125	7.986970725102328e-05	0.00040153809373361517	0.019528086343589383	0.000209819555182543	4766.0	4647.0	18666.733061430365	348446923.1866974	0.28506849503977066	0.7149477831328828	12520.391134170763	2490.423614999749	51.208294598954204	0.007555070089204442	0.04296377207354815	0.018068450755507007	0.026624795193883125	7.986970928334587e-05	0.00040153811342657895	0.01952808637412468	0.000209819555182543	4766.0	4647.0	18666.732693904625	348446909.4656878	11788.372018933187	4462.857659433387	290.2710425674665	0.0006371745858365192	0.006007646095030038	0.0020935736391771344	0.0029127981066812306	8.482935543550118e-05	0.00022407167700861914	0.003445056010943889	0.0001429388221841052	6996.0	6035.5	14188.199601588387	201305007.93451288	11788.372474057893	4462.858224121359	290.2710508016332	0.0006371745858365192	0.006007646095030038	0.0020935736391771344	0.0029127981066812306	8.482935216041503e-05	0.0002240716486567033	0.003445055913217418	0.0001429388221841052	6996.0	6035.5	14188.199921047806	201305016.99962097	0.2686906015611054	0.7313260674443256	11788.372246495539	4462.857941831882	290.27104668652976	0.0006371745858365192	0.006007646095030038	0.0020935736391771344	0.0029127981066812306	8.482935379795808e-05	0.00022407166282992352	0.0034450559620571547	0.0001429388221841052	6996.0	6035.5	14188.199761314092	201305012.46695325	2619067755	125.0	13252.409612233752	1389.7394106865313	28.081118760198958	0.014472965592572365	0.07991989805206627	0.034043327871836886	0.050336792281085015	7.545797551238273e-05	0.0007195593593377337	0.03561111679842897	0.0003901677721420211	2563.0	2548.0	22237.740004734784	494517080.5181818	13252.41043145822	1389.739507517001	28.08111877949288	0.014472965592572365	0.07991989805206627	0.034043327871836886	0.050336792281085015	7.545797084779585e-05	0.000719559309202244	0.03561111677396135	0.0003901677721420211	2563.0	2548.0	22237.74102294159	494517125.8034193	0.30141119957235046	0.6986046894076248	13252.410021845986	1389.7394591060163	28.08111876984825	0.014472965592572365	0.07991989805206627	0.034043327871836886	0.050336792281085015	7.545797318008921e-05	0.0007195593342677874	0.03561111678619221	0.0003901677721420211	2563.0	2548.0	22237.740513833593	494517103.1605959	COMPLETE
6	0.6791874462358828	2021-06-07 16:14:43.895735	2021-06-07 16:36:53.391696	0 days 00:22:09.495961	0	softplus	500	0.4	3	0.07960626851476431	2032	200	14090.97164573093	2982.9852295681035	47.073103365914626	0.010740943018387038	0.03936828691061351	0.0205261241580193	0.02830875659930821	7.096742688450196e-05	0.0003352346468523368	0.021243553717431227	0.0001803914494452963	5543.5	5338.5	20040.220485618505	401610437.11220354	14090.972965592573	2982.9858685568583	47.07310385889309	0.010740943018387038	0.03936828691061351	0.0205261241580193	0.02830875659930821	7.09674202371835e-05	0.0003352345750413464	0.02124355349495568	0.0001803914494452963	5543.5	5338.5	20040.221401402214	401610473.81721926	0.3208280177333394	0.6791874462358828	14090.972305661751	2982.9855491454146	47.07310361263435	0.010740943018387038	0.03936828691061351	0.0205261241580193	0.02830875659930821	7.096742356084258e-05	0.0003352346109375175	0.021243553606089434	0.0001803914494452963	5543.5	5338.5	20040.220943502143	401610455.4643819	13818.15601674859	4803.551155507639	276.19736373927736	9.102494083378845e-05	0.006826870562534134	0.0022756235208447116	0.0036409976333515383	7.236855617984981e-05	0.00020817931726477471	0.0036205993658359904	0.0001333777925975325	7497.5	6559.0	17295.515206103188	299134846.24454653	13818.15701802294	4803.551520030498	276.1973644758278	9.102494083378845e-05	0.006826870562534134	0.0022756235208447116	0.0036409976333515383	7.236855093596823e-05	0.0002081793014668553	0.003620599356180743	0.0001333777925975325	7497.5	6559.0	17295.515799475368	299134866.76990205	0.3149551701869305	0.6850604442930871	13818.156517385763	4803.551337774858	276.19736410758554	9.102494083378845e-05	0.006826870562534134	0.0022756235208447116	0.0036409976333515383	7.236855355790894e-05	0.00020817930936556378	0.0036205993610079344	0.0001333777925975325	7497.5	6559.0	17295.515502782047	299134856.50697416	2379567892	110.0	14363.787274713271	1852.42138404605	25.72909298216376	0.021390861095940288	0.07190970325869288	0.038776624795193886	0.052976515565264885	6.961952170932313e-05	0.000539833975472581	0.038866508069026466	0.00028843380444188056	3467.0	3440.0	22448.544969441256	503937171.2450264	14363.788913162207	1852.42203709171	25.729093270323617	0.021390861095940288	0.07190970325869288	0.038776624795193886	0.052976515565264885	6.961951376796227e-05	0.000539833785161611	0.03886650763373062	0.00028843380444188056	3467.0	3440.0	22448.546139606453	503937223.7820398	0.3266882470931697	0.6733270669756395	14363.78809393774	1852.4217106696444	25.729093126381116	0.021390861095940288	0.07190970325869288	0.038776624795193886	0.052976515565264885	6.961951773864247e-05	0.0005398338802877144	0.03886650785117094	0.00028843380444188056	3467.0	3440.0	22448.545554514756	503937197.5131242	COMPLETE
7	0.8313841776511303	2021-06-07 16:36:53.394867	2021-06-07 17:18:01.050597	0 days 00:41:07.655730	0	relu	100	0.0	61	0.03920086759085848	32	700	7406.5459675951215	2452.4451355496676	69.70543872862035	0.009876206080466047	0.01852357545967595	0.013653741125068269	0.015610777352994721	0.0001350157015665828	0.00040775631858360395	0.014346082862963318	0.0002476166893648632	4038.5	3690.5	10689.677131350521	114269197.17251833	7406.546923357	2452.4454570634666	69.70543890196821	0.009876206080466047	0.01852357545967595	0.013653741125068269	0.015610777352994721	0.00013501568414377266	0.00040775626512704993	0.014346082827286579	0.0002476166893648632	4038.5	3690.5	10689.678055413628	114269216.92839167	0.16863475158468855	0.8313841776511303	7406.54644547606	2452.4452963174995	69.70543881531086	0.009876206080466047	0.01852357545967595	0.013653741125068269	0.015610777352994721	0.00013501569285517717	0.0004077562918535075	0.014346082845121537	0.0002476166893648632	4038.5	3690.5	10689.67759337092	114269207.0502163	10059.211632987439	5165.2711156891955	592.5560925060965	0.00027307482250136535	0.0026397232841798655	0.0006371745858365192	0.0010922992900054614	9.941136905010265e-05	0.0001936006799260858	0.0016876039461018815	0.00013643495463537759	7329.5	4876.5	12224.61030941642	149441097.21709022	10059.212634261788	5165.271725469773	592.5561025807593	0.00027307482250136535	0.0026397232841798655	0.0006371745858365192	0.0010922992900054614	9.941135915488942e-05	0.00019360065707076652	0.001687603917409171	0.00013643495463537759	7329.5	4876.5	12224.610955503114	149441113.01340675	0.22927811430605818	0.7707394530427627	10059.212133624613	5165.271420598014	592.5560975443307	0.00027307482250136535	0.0026397232841798655	0.0006371745858365192	0.0010922992900054614	9.94113641024958e-05	0.00019360066849773098	0.0016876039317529551	0.00013643495463537759	7329.5	4876.5	12224.610632449543	149441105.1149984	3150049551	105.0	4753.880302202803	1164.4088002685057	37.0307805086141	0.01947933733843073	0.03440742763517204	0.02667030766430002	0.03012925541598398	0.0002103544760133381	0.0008588049143646166	0.02700456177982476	0.0007024938531787847	1423.5	1314.5	8063.747693426667	65024026.86324389	4753.881212452212	1164.4089681117816	37.03078056711391	0.01947933733843073	0.03440742763517204	0.02667030766430002	0.03012925541598398	0.00021035443573571463	0.0008588047905725176	0.02700456173716399	0.0007024938531787847	1423.5	1314.5	8063.749133979592	65024050.09575663	0.1081216849862005	0.8918986002469423	4753.880757327508	1164.4088841963498	37.03078053786983	0.01947933733843073	0.03440742763517204	0.02667030766430002	0.03012925541598398	0.0002103544558745244	0.0008588048524639854	0.027004561758490125	0.0007024938531787847	1423.5	1314.5	8063.748413689063	65024038.479272895	COMPLETE
8	0.49959541083402115	2021-06-07 17:18:01.054691	2021-06-07 17:41:58.817168	0 days 00:23:57.762477	0	relu	500	0.1	6	0.056799822312883864	432	200	21978.58961405425	5801.348093696841	135.04411573062472	0.0011378117604223558	0.019024212634261788	0.005689058802111778	0.009921718550882941	4.549882488185448e-05	0.00017237372828679236	0.007404987581944855	0.00010481081647626035	9541.0	9168.0	26106.058687117977	681526300.175248	21978.59056981613	5801.349105233277	135.04411833696952	0.0011378117604223558	0.019024212634261788	0.005689058802111778	0.009921718550882941	4.549882290329074e-05	0.00017237369823131668	0.007404987439028962	0.00010481081647626035	9541.0	9168.0	26106.059026757655	681526317.9085549	0.5004159641230684	0.49959541083402115	21978.59009193519	5801.348599568677	135.04411703452598	0.0011378117604223558	0.019024212634261788	0.005689058802111778	0.009921718550882941	4.5498823892572584e-05	0.00017237371325597444	0.007404987510446942	0.00010481081647626035	9541.0	9168.0	26106.058856933247	681526309.0416628	21405.783542690697	7113.326950546307	314.53306062244457	9.102494083378845e-05	0.007646095030038231	0.0015474239941744039	0.0034589477516839616	4.671634644934378e-05	0.00014058119455948801	0.0031793160249070545	8.847208705653367e-05	11303.0	10519.0	23802.72838758954	566569878.6933609	21405.78454396505	7113.3279779156155	314.5330730963635	9.102494083378845e-05	0.007646095030038231	0.0015474239941744039	0.0034589477516839616	4.6716344264145685e-05	0.00014058117425551705	0.003179315898820058	8.847208705653367e-05	11303.0	10519.0	23802.72908915794	566569912.0918456	0.48789882701563825	0.5121128454956845	21405.784043327872	7113.327464343041	314.5330668629566	9.102494083378845e-05	0.007646095030038231	0.0015474239941744039	0.0034589477516839616	4.6716345356744705e-05	0.00014058118440528675	0.003179315961827645	8.847208705653367e-05	11303.0	10519.0	23802.72873836849	566569895.3923532	124985769	105.0	22551.395685417803	4731.350033285789	85.97964982468491	0.002184598580010923	0.030402330238485344	0.009830693610049153	0.016384489350081924	4.434315347704269e-05	0.00021135616535763432	0.011630659138982655	0.0001279836180968836	7813.5	7645.5	28210.39716250647	795826508.0663531	22551.396595667215	4731.3509998807685	85.97965100559833	0.002184598580010923	0.030402330238485344	0.009830693610049153	0.016384489350081924	4.434315168720545e-05	0.00021135612217846453	0.011630658979237863	0.0001279836180968836	7813.5	7645.5	28210.397201010153	795826510.2387614	0.5129062073650944	0.48710487128877544	22551.396140542507	4731.3505166777295	85.97965041546703	0.002184598580010923	0.030402330238485344	0.009830693610049153	0.016384489350081924	4.434315258212406e-05	0.000211356143763828	0.01163065905906624	0.0001279836180968836	7813.5	7645.5	28210.39718175428	795826509.1523299	COMPLETE
9	0.6520551462692796	2021-06-07 17:41:58.826497	2021-06-07 18:01:34.409806	0 days 00:19:35.583309	2	relu	500	0.2	1	0.012207006988677181	1732	800	15282.612597851812	2249.363625866589	41.26057978315522	0.007373020207536865	0.058574549426542874	0.022210085563444382	0.03477152739850719	6.54338381999269e-05	0.00044457018354012926	0.024236208149655075	0.000223463687150838	4475.0	4439.0	22653.884823247114	513198497.584946	15282.613781176042	2249.3639542345677	41.26057989027164	0.007373020207536865	0.058574549426542874	0.022210085563444382	0.03477152739850719	6.543383313342145e-05	0.00044457011864062183	0.024236208086735555	0.000223463687150838	4475.0	4439.0	22653.885897179414	513198546.2424243	0.347959699942571	0.6520551462692796	15282.613189513926	2249.363790068265	41.260579836731395	0.007373020207536865	0.058574549426542874	0.022210085563444382	0.03477152739850719	6.543383566667408e-05	0.00044457015108687747	0.024236208118184763	0.000223463687150838	4475.0	4439.0	22653.885360206747	513198521.91338956	20626.188148552705	6006.603322079513	152.37283680780794	0.002184598580010923	0.012106317130893865	0.004642271982523211	0.006917895503367923	4.8482055569253e-05	0.00016648344270115634	0.006562849527185266	0.00010124531740407007	9877.0	9238.5	24460.526462020556	598317354.7992079	20626.189422901876	6006.6042006757025	152.37283781302477	0.002184598580010923	0.012106317130893865	0.004642271982523211	0.006917895503367923	4.848205257388309e-05	0.00016648341834934067	0.006562849483889578	0.00010124531740407007	9877.0	9238.5	24460.52703950427	598317383.0503196	0.47012962916890777	0.5298824483623095	20626.18878572729	6006.603761410098	152.37283731051815	0.002184598580010923	0.012106317130893865	0.004642271982523211	0.006917895503367923	4.8482054071568005e-05	0.00016648343052434711	0.006562849505533037	0.00010124531740407007	9877.0	9238.5	24460.52675075591	598317368.9244455	2421392332	110.0	9939.03704715092	842.34574019115	23.86090043443554	0.012561441835062807	0.10504278172219188	0.03977789914436555	0.06262515929364645	0.00010061336880584981	0.0011871609866194305	0.04190956677212489	0.0006615944426066821	1511.5	1502.5	19260.63449210818	370972041.0385874	9939.03813945021	842.345862915455	23.860900481430992	0.012561441835062807	0.10504278172219188	0.03977789914436555	0.06262515929364645	0.00010061335774845073	0.001187160813657808	0.04190956668958152	0.0006615944426066821	1511.5	1502.5	19260.636234476726	370972108.15683776	0.22605226058151504	0.7739653423919738	9939.037593300563	842.3458015619907	23.860900457942783	0.012561441835062807	0.10504278172219188	0.03977789914436555	0.06262515929364645	0.00010061336327714997	0.0011871609001263682	0.04190956673083649	0.0006615944426066821	1511.5	1502.5	19260.635363285393	370972074.5974398	COMPLETE
10	0.9129438248213196	2021-06-07 18:01:34.418958	2021-06-07 18:14:09.486636	0 days 00:12:35.067678	1	softplus	200	0.5	21	0.0014243898111856446	3832	1000	3824.475559803386	491.8385043101732	20.436379900542274	0.01720371381758602	0.11378117604223557	0.046741307118150374	0.0733661023120335	0.00026147375878417413	0.0020331877053882705	0.048932345399072624	0.001129305477131564	885.5	881.5	5039.144144728771	25392973.711354252	3824.476424540324	491.83862819313305	20.436379980044702	0.01720371381758602	0.11378117604223557	0.046741307118150374	0.0733661023120335	0.00026147369966339723	0.0020331871932745475	0.04893234520871405	0.001129305477131564	885.5	881.5	5039.144530435287	25392977.598615874	0.08707696139209888	0.9129438248213196	3824.475992171855	491.83856626335285	20.436379940319924	0.01720371381758602	0.11378117604223557	0.046741307118150374	0.0733661023120335	0.00026147372922378235	0.002033187449283012	0.04893234530383004	0.001129305477131564	885.5	881.5	5039.1443375606	25392975.654769067	6250.74449299108	2490.6824983696965	134.77071455594185	0.0014563990533406153	0.014108865829237212	0.005188421627525942	0.008192244675040962	0.0001599809432494471	0.00040149637725987193	0.007420009631134744	0.00018468926031951243	5414.5	4744.0	5441.895723707282	29614229.067703605	6250.7454942654285	2490.6830492165263	134.77071618848095	0.0014563990533406153	0.014108865829237212	0.005188421627525942	0.008192244675040962	0.00015998091762293345	0.0004014962884637456	0.0074200095412527865	0.00018468926031951243	5414.5	4744.0	5441.895761916161	29614229.483561076	0.14247229366567826	0.8575472522802984	6250.744993628254	2490.682773821077	134.77071537248202	0.0014563990533406153	0.014108865829237212	0.005188421627525942	0.008192244675040962	0.00015998093043618927	0.00040149633285729586	0.007420009586178866	0.00018468926031951243	5414.5	4744.0	5441.895742788745	29614229.27538227	1937212399	105.0	1398.2066266156928	97.12402704094566	11.056482118096604	0.032951028581831424	0.21345348625523394	0.0882941926087748	0.13853995994902604	0.0007152018742898271	0.010296113438319633	0.09044468116701047	0.014492753623188406	69.0	62.0	3065.641284087458	9398156.4827014	1398.2073548152193	97.12405448738149	11.056482153649982	0.032951028581831424	0.21345348625523394	0.0882941926087748	0.13853995994902604	0.0007152015018059717	0.010296110528725113	0.0904446808761753	0.014492753623188406	69.0	62.0	3065.642268148914	9398162.516261218	0.03180064951410916	0.9682213715948501	1398.206990715456	97.12404076769346	11.056482135886943	0.032951028581831424	0.21345348625523394	0.0882941926087748	0.13853995994902604	0.000715201688047851	0.010296111983147964	0.09044468102148122	0.014492753623188406	69.0	62.0	3065.641776088555	9398159.49929939	COMPLETE
11	0.9038257523017871	2021-06-07 18:14:09.492384	2021-06-07 18:26:44.879466	0 days 00:12:35.387082	1	softplus	200	0.5	21	0.0014853402713122243	3732	1000	4224.937966502822	496.35973214845774	23.91895546758177	0.015610777352994721	0.08934097942836337	0.036136901511014015	0.051520116511924265	0.0002366898657278385	0.002014667861294008	0.041807845721161876	0.0013908205841446453	719.0	714.0	6470.469132734655	41866970.797671966	4224.938967777171	496.3607404903147	23.918978772630368	0.015610777352994721	0.08934097942836337	0.036136901511014015	0.051520116511924265	0.0002366898096343676	0.0020146637685570794	0.04180780498640119	0.0013908205841446453	719.0	714.0	6470.469864675089	41866980.269668475	0.09619482630827593	0.9038257523017871	4224.938467139997	496.36023884631373	23.918967264821784	0.015610777352994721	0.08934097942836337	0.036136901511014015	0.051520116511924265	0.0002366898376810997	0.002014665804666974	0.04180782510082384	0.0013908205841446453	719.0	714.0	6470.469498685559	41866975.53342015	7246.316493719279	2641.738514240012	116.51781707962016	0.0022756235208447116	0.017567813580921174	0.00591662115419625	0.009739668669215365	0.00013800114870317172	0.0003785386004745003	0.00858237842987283	0.00017605633802816902	5680.0	4983.0	7626.981222992093	58170842.57587396	7246.317950118332	2641.7457589405394	116.51874592195243	0.0022756235208447116	0.017567813580921174	0.00591662115419625	0.009739668669215365	0.00013800112096705198	0.0003785375623735441	0.008582310014474653	0.00017605633802816902	5680.0	4983.0	7626.981942551828	58170853.55201166	0.16516422223083208	0.8348548064896292	7246.317221918805	2641.742159177653	116.51828785369756	0.0022756235208447116	0.017567813580921174	0.00591662115419625	0.009739668669215365	0.00013800113483511045	0.00037853807818674087	0.008582343754103371	0.00017605633802816902	5680.0	4983.0	7626.981582748135	58170848.06357925	3191874571	105.0	1203.5594392863645	93.2616844439528	13.327413649375467	0.02894593118514473	0.16111414527580556	0.06635718186783178	0.09330056435463317	0.0008308688107609687	0.010722517033251389	0.0750333130124509	0.015384615384615385	65.0	52.0	2702.895227347998	7305642.610020586	1203.5599854360094	93.26180760063016	13.327415968048639	0.02894593118514473	0.16111414527580556	0.06635718186783178	0.09330056435463317	0.000830868433730566	0.010722502873654822	0.0750332999583277	0.015384615384615385	65.0	52.0	2702.895683791636	7305645.077459456	0.02737361552062869	0.9726485062785427	1203.559712361187	93.26174617444988	13.327414815433979	0.02894593118514473	0.16111414527580556	0.06635718186783178	0.09330056435463317	0.0008308686222457246	0.010722509935954442	0.07503330644754432	0.015384615384615385	65.0	52.0	2702.8954555445825	7305643.843603557	COMPLETE
12	0.9003862140813832	2021-06-07 18:26:44.887753	2021-06-07 18:39:35.436568	0 days 00:12:50.548815	1	softplus	200	0.5	19	0.004547630835531551	3732	1000	4376.0015019115235	566.0726818162151	31.185130959066342	0.008465319497542327	0.07536865101037685	0.02539595849262698	0.04141634807937375	0.0002285191171811025	0.0017665576031536295	0.03206656407223692	0.0013708019191226869	729.5	721.5	7079.710841918409	50122305.60517707	4376.002002548698	566.0728186818626	31.18513131153062	0.008465319497542327	0.07536865101037685	0.02539595849262698	0.04141634807937375	0.00022851909103733815	0.00176655717603358	0.03206656370981041	0.0013708019191226869	729.5	721.5	7079.710887255828	50122306.2471287	0.09963428621611171	0.9003862140813832	4376.001752230111	566.0727502746798	31.18513113550746	0.008465319497542327	0.07536865101037685	0.02539595849262698	0.04141634807937375	0.00022851910410921956	0.0017665573895135605	0.03206656389080877	0.0013708019191226869	729.5	721.5	7079.710864578284	50122305.92602779	7516.394137993811	2398.895765200521	103.9562483020069	0.0023666484616785	0.01957036227926452	0.007281995266703077	0.01119606772255598	0.0001330425176808129	0.00041685846234190634	0.009619431408248452	0.00019464720194647202	5137.5	4763.0	8539.672033789802	72925998.44469164	7516.394775168396	2398.89614710191	103.95624892647764	0.0023666484616785	0.01957036227926452	0.007281995266703077	0.01119606772255598	0.0001330425064026252	0.00041685839597853917	0.009619431350464013	0.00019464720194647202	5137.5	4763.0	8539.671897510838	72925996.11713636	0.17132005215645607	0.8286988362518983	7516.394456581103	2398.8959561685356	103.95624861431699	0.0023666484616785	0.01957036227926452	0.007281995266703077	0.01119606772255598	0.0001330425120417188	0.0004168584291572104	0.009619431379349319	0.00019464720194647202	5137.5	4763.0	8539.671965640999	72925997.2807548	4137358561	110.0	1235.6088658292372	133.57740913424672	18.344013704274822	0.014563990533406153	0.13116693974148916	0.043509921718550885	0.07163662843619152	0.0008093175985176214	0.00748629582263412	0.05451369673622538	0.01098901098901099	91.0	82.0	2755.808583364013	7594480.948142769	1235.6092299290005	133.57745246185357	18.344013928745298	0.014563990533406153	0.13116693974148916	0.043509921718550885	0.07163662843619152	0.0008093173600341761	0.007486293394355424	0.05451369606915679	0.01098901098901099	91.0	82.0	2755.8089274252993	7594482.844476978	0.02810254170447242	0.9719195635157135	1235.6090478791189	133.5774308091865	18.34401381665235	0.014563990533406153	0.13116693974148916	0.043509921718550885	0.07163662843619152	0.0008093174792758812	0.0074862946078704425	0.05451369640226823	0.01098901098901099	91.0	82.0	2755.8087553781525	7594481.896218881	COMPLETE
13	0.8863507737949988	2021-06-07 18:39:35.443294	2021-06-07 18:54:00.050045	0 days 00:14:24.606751	2	softplus	200	0.5	23	0.004206813259519065	3732	1000	4992.4330056435465	551.0097358808408	31.43987751082877	0.009239031494629528	0.06890588021117787	0.024485709084289094	0.03795740032768979	0.00020030313854378816	0.001814849965221406	0.03180673969405804	0.0015735641227380016	635.5	627.5	9159.508728455838	83896600.14665867	4992.433506280721	551.0097794024732	31.43987753146911	0.009239031494629528	0.06890588021117787	0.024485709084289094	0.03795740032768979	0.0002003031184575522	0.0018148498218750698	0.03180673967317685	0.0015735641227380016	635.5	627.5	9159.50927475766	83896610.15437159	0.11366940693885012	0.8863507737949988	4992.433255962133	551.0097576430946	31.43987752115078	0.009239031494629528	0.06890588021117787	0.024485709084289094	0.03795740032768979	0.0002003031285006697	0.0018148498935435	0.03180673968361558	0.0015735641227380016	635.5	627.5	9159.509001599923	83896605.15039003	8882.97806298926	2474.131867216481	81.02532873556933	0.004187147278354269	0.02403058438012015	0.009921718550882941	0.014563990533406153	0.00011257485866890507	0.00040418217527146146	0.012341819719899633	0.0002037282265457879	4908.5	4637.5	11423.80126890485	130503235.43143208	8882.978882213727	2474.13210882929	81.02532884529244	0.004187147278354269	0.02403058438012015	0.009921718550882941	0.014563990533406153	0.00011257484828679341	0.0004041821358008163	0.012341819703186555	0.0002037282265457879	4908.5	4637.5	11423.80188106852	130503249.41790466	0.202468396785416	0.7975497816472059	8882.978472601493	2474.1319880280544	81.02532879043618	0.004187147278354269	0.02403058438012015	0.009921718550882941	0.014563990533406153	0.000112574853477849	0.0004041821555352935	0.012341819711542287	0.0002037282265457879	4908.5	4637.5	11423.801574977733	130503242.42446375	466387269	115.0	1101.8879482978336	122.71444907948731	19.50395221202299	0.014290915710904788	0.11378117604223557	0.03904969961769525	0.06135081012197342	0.0009075332946011186	0.008148999628823317	0.05127165966821644	0.011904761904761904	84.0	72.0	2649.0155106021784	7017283.17541092	1101.8881303477153	122.71445648099427	19.50395222155185	0.014290915710904788	0.11378117604223557	0.03904969961769525	0.06135081012197342	0.000907533144661824	0.008148999137317432	0.05127165964316714	0.011904761904761904	84.0	72.0	2649.0157127603334	7017284.246451137	0.025061207371279332	0.9749609670222176	1101.8880393227744	122.71445278062498	19.503952216788527	0.014290915710904788	0.11378117604223557	0.03904969961769525	0.06135081012197342	0.0009075332196314652	0.008148999383044855	0.05127165965568888	0.011904761904761904	84.0	72.0	2649.015611672669	7017283.710885524	COMPLETE
14	0.8996121164926477	2021-06-07 18:54:00.056660	2021-06-07 19:25:53.541747	0 days 00:31:53.485087	1	softplus	300	0.4	100	0.002075161931596984	3132	900	4409.999590387766	508.15993827414354	25.847776689338406	0.011560167485891134	0.09025122883670125	0.033133078463499	0.05197524121609321	0.00022675739067632683	0.0019678843700199704	0.03868804702311113	0.001486988847583643	672.5	666.5	7673.321661361764	58879865.31872367	4410.000091024941	508.1608749194678	25.847817144908777	0.011560167485891134	0.09025122883670125	0.033133078463499	0.05197524121609321	0.0002267573649341098	0.001967880742803109	0.03868798647072483	0.001486988847583643	672.5	666.5	7673.321791389834	58879867.3142181	0.10040836617993172	0.8996121164926477	4409.999840706353	508.1604104422488	25.847797282910435	0.011560167485891134	0.09025122883670125	0.033133078463499	0.05197524121609321	0.00022675737780521762	0.001967882541518152	0.03868801619939821	0.001486988847583643	672.5	666.5	7673.321726367648	58879866.31634578	7712.956581103223	2252.825952184139	76.31501256524594	0.004005097396686692	0.028581831421809575	0.01119606772255598	0.015201165119242672	0.00012965196802092784	0.0004438869318912494	0.013103581672676062	0.0002092487968194183	4779.0	4479.5	9461.174866937019	89513829.86276071	7712.957400327689	2252.8267379615736	76.31501660271934	0.004005097396686692	0.028581831421809575	0.01119606772255598	0.015201165119242672	0.00012965195425006685	0.0004438867770651686	0.01310358097942636	0.0002092487968194183	4779.0	4479.5	9461.174844317215	89513829.43474087	0.17580027253265224	0.8242185137563831	7712.956990715456	2252.826345268045	76.31501458667859	0.004005097396686692	0.028581831421809575	0.01119606772255598	0.015201165119242672	0.00012965196113549698	0.0004438868544397364	0.013103581325588297	0.0002092487968194183	4779.0	4479.5	9461.174855616302	89513829.64854616	1792884204	110.0	1107.0425996723102	114.62337896828124	15.558750748501753	0.019115237575095576	0.15192062625159294	0.055070089204442015	0.08874931731294375	0.0009033076055935018	0.008724223705503582	0.0642725123735462	0.012195121951219513	82.0	74.0	2535.123470297731	6426851.00965441	1107.0427817221919	114.6237615381692	15.558779897142637	0.019115237575095576	0.15192062625159294	0.055070089204442015	0.08874931731294375	0.0009033074570472617	0.008724194587411131	0.06427239196202329	0.012195121951219513	82.0	74.0	2535.123511693736	6426851.21954238	0.025178444134373527	0.974843727592644	1107.0426906972511	114.62357197803023	15.558765587778378	0.019115237575095576	0.15192062625159294	0.055070089204442015	0.08874931731294375	0.0009033075313203755	0.008724209015155006	0.06427245107320811	0.012195121951219513	82.0	74.0	2535.123490986759	6426851.114552891	COMPLETE
15	0.8841404336047427	2021-06-07 19:25:53.548286	2021-06-07 19:40:17.463213	0 days 00:14:23.914927	1	softplus	200	0.5	12	0.02288453353867161	3932	1000	5089.5103768432555	901.6677017370022	47.783436463907066	0.004596759512106317	0.048243218641907885	0.01670307664300018	0.02639723284179865	0.00019648255450070332	0.0011090560281504674	0.02092775392484264	0.000723589001447178	1382.0	1361.0	7742.941742633237	59953146.82981223	5089.510831967959	901.6678181711171	47.78343661410366	0.004596759512106317	0.048243218641907885	0.01670307664300018	0.02639723284179865	0.00019648253693043628	0.0011090558849359106	0.020927753859060906	0.000723589001447178	1382.0	1361.0	7742.941812891511	59953147.91782368	0.11587969680333408	0.8841404336047427	5089.510604405607	901.6677599614716	47.78343653903214	0.004596759512106317	0.048243218641907885	0.01670307664300018	0.02639723284179865	0.0001964825457155694	0.0011090559565340677	0.020927753891940046	0.000723589001447178	1382.0	1361.0	7742.94177775503	59953147.37370422	8183.779355543419	2928.69076204813	118.6610626098003	0.0017294738758419808	0.018933187693428	0.006189695976697615	0.010285818314218096	0.00012219293269712035	0.00034144950124425803	0.008427364276084018	0.00016768676113020878	5963.5	5208.5	8932.972067879531	79797989.96551591	8183.779901693064	2928.691118830761	118.66106318201096	0.0017294738758419808	0.018933187693428	0.006189695976697615	0.010285818314218096	0.00012219292454249895	0.0003414494596477747	0.008427364235445349	0.00016768676113020878	5963.5	5208.5	8932.971994608171	79797988.65645388	0.18653166234300483	0.813486879341496	8183.779628618241	2928.6909404543203	118.66106289596654	0.0017294738758419808	0.018933187693428	0.006189695976697615	0.010285818314218096	0.00012219292861980952	0.0003414494804442809	0.008427364255760357	0.00016768676113020878	5963.5	5208.5	8932.972031236213	79797989.31084843	3235713970	135.0	1995.2413981430911	277.60003032451436	29.914912797901106	0.007464045148370653	0.07755324959038777	0.02721645730930275	0.04250864736937921	0.0005011924877514414	0.003602305081995129	0.033428143573601264	0.003937007874015748	254.0	235.0	4578.133098656724	20959302.669016216	1995.2417622428545	277.60006820044674	29.914912879269888	0.007464045148370653	0.07755324959038777	0.02721645730930275	0.04250864736937921	0.0005011923962918149	0.0036023045904943	0.03342814348267647	0.003937007874015748	254.0	235.0	4578.133356235766	20959305.02747856	0.04537953150643811	0.9546421807590586	1995.2415801929728	277.6000492656351	29.914912838602618	0.007464045148370653	0.07755324959038777	0.02721645730930275	0.04250864736937921	0.000501192442021624	0.0036023048362037622	0.033428143528119736	0.003937007874015748	254.0	235.0	4578.133227436309	20959303.848156396	COMPLETE
16	0.8776752737682424	2021-06-07 19:40:17.466541	2021-06-07 19:52:29.289677	0 days 00:12:11.823136	3	softplus	100	0.4	36	0.015371913361213296	3132	500	5373.457764427453	813.5753343977159	46.53731053812839	0.004460222100855634	0.04865283087565993	0.015883852175496087	0.02539595849262698	0.00018609990881849817	0.0012291424748518132	0.021488134755460183	0.000856898029134533	1167.0	1149.0	9396.050886402614	88285772.25986734	5373.458447114509	813.5783922456777	46.53794251861528	0.004460222100855634	0.04865283087565993	0.015883852175496087	0.02539595849262698	0.00018609988517488015	0.0012291378550993131	0.021487842948793832	0.000856898029134533	1167.0	1149.0	9396.051388551368	88285781.69629811	0.12234470943889113	0.8776752737682424	5373.458105770981	813.5768929724055	46.537639163267556	0.004460222100855634	0.04865283087565993	0.015883852175496087	0.02539595849262698	0.00018609989699668841	0.0012291401201753617	0.0214879830171812	0.000856898029134533	1167.0	1149.0	9396.051137467919	88285776.97791219	9073.993810304024	2700.5520339150976	123.72943646837584	0.0020935736391771344	0.01602038958674677	0.005461496450027308	0.00828326961587475	0.00011020505643991563	0.000370294661032789	0.008082151091471198	0.00019741387819563716	5065.5	4724.5	11768.037812833536	138486713.96427992	9073.99453850355	2700.5718610176787	123.73836990065485	0.0020935736391771344	0.01602038958674677	0.005461496450027308	0.00828326961587475	0.00011020504759582062	0.0003702919423974009	0.008081567591385473	0.00019741387819563716	5065.5	4724.5	11768.038335374771	138486726.2628502	0.20682218904372654	0.7931958901512992	9073.994174403786	2700.562144262804	123.73408169007162	0.0020935736391771344	0.01602038958674677	0.005461496450027308	0.00828326961587475	0.00011020505201786795	0.0003702932747259474	0.008081847671563879	0.00019741387819563716	5065.5	4724.5	11768.038074096426	138486720.11338314	1083332603	110.0	1672.921718550883	245.09982271319748	28.658124787087992	0.006826870562534134	0.0812852721645731	0.026306207900964863	0.04250864736937921	0.000597756600868461	0.0040799703114030635	0.03489411841944917	0.004524886877828055	221.0	209.0	3270.6110288126874	10696896.501791185	1672.9223557254688	245.09986565572407	28.65812488009639	0.006826870562534134	0.0812852721645731	0.026306207900964863	0.04250864736937921	0.0005977563731978143	0.0040799695965751176	0.03489411830620219	0.004524886877828055	221.0	209.0	3270.61193087781	10696902.402400278	0.03804873507336596	0.9619731439266642	1672.922037138176	245.09984418792934	28.658124833614497	0.006826870562534134	0.0812852721645731	0.026306207900964863	0.04250864736937921	0.0005977564870331159	0.004079969953931321	0.03489411836279852	0.004524886877828055	221.0	209.0	3270.611479820943	10696899.451936537	COMPLETE
17	0.8822865319210204	2021-06-07 19:52:29.295255	2021-06-07 20:07:04.813861	0 days 00:14:35.518606	2	softplus	300	0.5	9	0.06585841843977658	3232	800	5170.9330511560165	847.8582337509475	42.326675946217655	0.004369197160021846	0.05334061532860004	0.02011651192426725	0.03267795375933006	0.00019338869602584383	0.00117944245888369	0.023625762657824793	0.0006190034045187249	1615.5	1597.5	8481.48230479185	71935542.08649728	5170.933551793191	847.8583816301217	42.326676189318235	0.004369197160021846	0.05334061532860004	0.02011651192426725	0.03267795375933006	0.00019338867730242195	0.0011794422531712968	0.023625762522131725	0.0006190034045187249	1615.5	1597.5	8481.482485619894	71935545.153877	0.11773355627679656	0.8822865319210204	5170.933301474604	847.858307704912	42.326676067832864	0.004369197160021846	0.05334061532860004	0.02011651192426725	0.03267795375933006	0.00019338868666413241	0.0011794423560074843	0.023625762589942024	0.0006190034045187249	1615.5	1597.5	8481.482395198498	71935543.62006205	7258.631895139268	2871.407407244821	185.59432259481292	0.0009102494083378846	0.010285818314218096	0.0026397232841798655	0.004733296923357	0.00013776700822501394	0.0003482612733661233	0.005388095853466309	0.00017493221376716522	5716.5	4974.5	7993.024407466351	63888439.1783528	7258.632532313854	2871.407896779536	185.59432538264082	0.0009102494083378846	0.010285818314218096	0.0026397232841798655	0.004733296923357	0.00013776699613160157	0.0003482612139924679	0.00538809577253127	0.00017493221376716522	5716.5	4974.5	7993.024400805191	63888439.07186719	0.16544491599311376	0.8345741063293908	7258.6322137265615	2871.4076520412136	185.59432398915757	0.0009102494083378846	0.010285818314218096	0.0026397232841798655	0.004733296923357	0.00013776700217830749	0.0003482612436757715	0.005388095812986285	0.00017493221376716522	5716.5	4974.5	7993.024404125812	63888439.1249508	1702465669	110.0	3083.2342071727653	250.3523473281844	23.88719731868444	0.007828144911705807	0.09639541234298198	0.037593300564354636	0.06062261059530311	0.0003243347513703704	0.003994370377079428	0.0418634294621833	0.0064516129032258064	155.0	148.0	8441.899790231091	71265672.06830375	3083.2345712725287	250.35239197701566	23.887197427355495	0.007828144911705807	0.09639541234298198	0.037593300564354636	0.06062261059530311	0.00032433471306961726	0.003994369664707689	0.04186342927173219	0.0064516129032258064	155.0	148.0	8441.900092357928	71265677.1693528	0.07012470745218252	0.9298964419992455	3083.234389222647	250.3523696585591	23.88719737305419	0.007828144911705807	0.09639541234298198	0.037593300564354636	0.06062261059530311	0.0003243347322199927	0.00399437002079845	0.04186342936689777	0.0064516129032258064	155.0	148.0	8441.899941289123	71265674.61873728	COMPLETE
18	0.9023738807229446	2021-06-07 20:07:04.824652	2021-06-07 20:26:12.281789	0 days 00:19:07.457137	1	softplus	200	0.4	30	0.03704036046841484	2532	900	4288.7040324048785	679.2693984058178	41.748472034556954	0.006280720917531403	0.0512925541598398	0.016839614054250863	0.02735299472055343	0.00023317067170971294	0.00147216995546525	0.023952972438662144	0.0011210762331838565	892.0	878.0	6433.404685800509	41388695.85127994	4288.704259967231	679.2694343568271	41.74847206774474	0.006280720917531403	0.0512925541598398	0.016839614054250863	0.02735299472055343	0.00023317065933747567	0.0014721698775491934	0.02395297241962082	0.0011210762331838565	892.0	878.0	6433.40479401744	41388697.24368657	0.09764666483041591	0.9023738807229446	4288.704146186055	679.2694163829391	41.7484720511544	0.006280720917531403	0.0512925541598398	0.016839614054250863	0.02735299472055343	0.00023317066552359413	0.001472169916503717	0.023952972429139442	0.0011210762331838565	892.0	878.0	6433.404739904553	41388696.547426365	7178.125978518114	2558.3301766305685	82.21106477160625	0.004187147278354269	0.02548698343346077	0.010558893136719462	0.015110140178408884	0.00013931212728679983	0.0003908799611303664	0.01216381277603129	0.00018460402436773122	5417.0	4830.5	7377.621221715162	54429294.89110193	7178.126251592937	2558.3303075612334	82.21106487349083	0.004187147278354269	0.02548698343346077	0.010558893136719462	0.015110140178408884	0.00013931212198699968	0.00039087994112584507	0.012163812760956617	0.00018460402436773122	5417.0	4830.5	7377.621272104972	54429295.63461579	0.16360995255380695	0.8364091115936976	7178.126115055526	2558.3302421007184	82.2110648225577	0.004187147278354269	0.02548698343346077	0.010558893136719462	0.015110140178408884	0.0001393121246368997	0.0003908799511273694	0.012163812768492597	0.00018460402436773122	5417.0	4830.5	7377.621246905442	54429295.262790605	3410258900	140.0	1399.282086291644	180.35471723915472	27.978185441372258	0.008374294556708538	0.07709812488621882	0.02312033497178227	0.03959584926269798	0.0007146521847143665	0.005544629025000637	0.035742132101293005	0.007246376811594203	138.0	121.0	3413.294368509162	11650578.446096357	1399.2822683415257	180.35472709983523	27.97818545938242	0.008374294556708538	0.07709812488621882	0.02312033497178227	0.03959584926269798	0.0007146520917364529	0.00554462872185463	0.03574213207828502	0.007246376811594203	138.0	121.0	3413.294590476602	11650579.961376833	0.03182510342722203	0.9681969171255478	1399.2821773165847	180.3547221700136	27.978185450379463	0.008374294556708538	0.07709812488621882	0.02312033497178227	0.03959584926269798	0.0007146521382254068	0.005544628873411685	0.0357421320897863	0.007246376811594203	138.0	121.0	3413.294479486218	11650579.203691091	COMPLETE
19	0.6681292095492906	2021-06-07 20:26:12.289138	2021-06-07 20:45:07.673893	0 days 00:18:55.384755	2	softplus	100	0.30000000000000004	45	0.09862774090894078	3532	600	14576.645730930275	3035.832105255449	55.446381369908785	0.005962133624613144	0.04150737302020754	0.018341525578008375	0.029310030948479882	6.860288837768032e-05	0.00032939898035496117	0.018035442084642667	0.0001825150574922431	5479.0	5260.5	21178.139000482886	448513571.5237743	14576.6464591298	3035.832865313613	55.446383202892385	0.005962133624613144	0.04150737302020754	0.018341525578008375	0.029310030948479882	6.860288495051406e-05	0.0003293988978858677	0.018035441488414967	0.0001825150574922431	5479.0	5260.5	21178.139489627327	448513592.24211246	0.3318860026422629	0.6681292095492906	14576.646095030039	3035.8324855107617	55.446382287784836	0.005962133624613144	0.04150737302020754	0.018341525578008375	0.029310030948479882	6.860288666409714e-05	0.00032939893909586244	0.018035441786078545	0.0001825150574922431	5479.0	5260.5	21178.139245050814	448513581.8827615	18362.69406517386	6052.591211284236	585.6748617998635	0.0	0.00118332423083925	0.0	9.102494083378845e-05	5.445823997561286e-05	0.00016521849321917453	0.0017074319989197684	0.00011486331265793706	8706.0	7868.0	22769.844202490982	518465805.00571215	18362.694884398326	6052.594074932573	585.6752701030134	0.0	0.00118332423083925	0.0	9.102494083378845e-05	5.4458237546039045e-05	0.0001652184150497719	0.0017074308085846133	0.00011486331265793706	8706.0	7868.0	22769.84417128664	518465803.58467615	0.4185381426328654	0.5814751108421741	18362.69447478609	6052.592644008812	585.6750662602497	0.0	0.00118332423083925	0.0	9.102494083378845e-05	5.445823876082593e-05	0.00016521845410988543	0.0017074314028516994	0.00011486331265793706	8706.0	7868.0	22769.84418688432	518465804.2949895	2124822016	150.0	10790.597396686691	1522.6993282013218	29.10068508374087	0.011924267249226288	0.08183142180957582	0.03668305115601675	0.05852903695612598	9.267327500394511e-05	0.0006567284699476706	0.034363452170365565	0.0003268507926131721	3059.5	3028.5	18705.42739590249	349893014.0633794	10790.598033861277	1522.699370223494	29.100685085536394	0.011924267249226288	0.08183142180957582	0.03668305115601675	0.05852903695612598	9.267326953167607e-05	0.0006567284518238324	0.03436345216824532	0.0003268507926131721	3059.5	3028.5	18705.42850465052	349893055.54259217	0.24542004028715936	0.7545971221778878	10790.597715273985	1522.6993492128122	29.100685084638677	0.011924267249226288	0.08183142180957582	0.03668305115601675	0.05852903695612598	9.267327226781051e-05	0.0006567284608855771	0.03436345216930539	0.0003268507926131721	3059.5	3028.5	18705.427950272257	349893034.8028266	COMPLETE
